itemid,shopid,name,stock,sold,liked,price,rating_star,total_rating,rating_1,rating_2,rating_3,rating_4,rating_5,shop_location,shop
5006878436,52922719,Jam Tangan Pria/Wanita Casio G-Shock GLS DW5600 Full Black Strab Rubber,260,3090,8587,14800.0,4.557100225635054,27490,855,432,1541,4403,20259,KOTA JAKARTA UTARA,shopee
11468978653,52922719,Jam Tangan Pria QuikSilver Drone Strab Rubber Digital Water Resist,1490,4212,30689,23500.0,4.63286128947137,34121,523,432,1791,5591,25784,KOTA JAKARTA UTARA,shopee
14334540555,3720074,WBS Jam Tangan LED Digital Pria Wanita Rubber Tahan Air Electronic Fashion Couple Anak Remaja Premium M139 RM009,298105,11264,14867,9000.0,4.552962587541467,43440,1188,777,2610,7106,31759,KOTA JAKARTA SELATAN,shopee
25500383429,380025650,(COD) JAM TANGAN RANTAI PRIA SPORTY TERLARIS KEREN COWO TERBARU,383,743,102,26950.0,4.747619047619048,210,1,2,1,41,165,KOTA JAKARTA PUSAT,shopee
18248625267,220096178,VaVa Voom 2461 Jam Tangan Pria Korea Stainless Steel Analog Quartz Cowok Tangan Arloji Original Tahan Air Watch + Kotak Gratis,161,86,95,89900.0,4.8291457286432165,199,1,0,4,22,172,KAB. TANGERANG,shopee
23615885288,931263599,Jam tangan 1810g skymax terlaris sport pria tahan air 30meter Bisa Bayar Ditempat,232918,1724,2909,72000.0,4.731300200803213,7968,69,52,230,1249,6368,KOTA JAKARTA PUSAT,shopee
18772798227,899116632,Sunlifex Jam Tangan Pria 7004 Original Anti Air Kuarsa Tali Kulit Jam Tangan Cowok,288,2358,4266,52000.0,4.692316633732419,8603,107,80,316,1347,6753,KOTA JAKARTA UTARA,shopee
4319258493,233263530,Jam Tangan Pria Casio G-Shock Sporty DW 5600 Black FREE BOX & BATERAI,9333,137,1948,47900.0,4.718527812630699,3021,29,29,79,312,2572,KOTA TANGERANG SELATAN,shopee
23017018383,84171914,Jam Tangan Pria CASIO MTP-V004L-1A Black Dial Black Leather Band,112,142,1784,278850.0,4.911242603550296,507,0,2,3,33,469,KOTA SURABAYA,shopee
19681948820,1032246437,Jam Tangan Pria Anti Air Original Cowok Kulit Tahan Air Keren Led Hitam Coklat Terbaru Mewah Zn003,2941,28,116,130000.0,4.717391304347826,46,0,0,3,7,36,KOTA JAKARTA UTARA,shopee
6515540869,28824240,Jam Tangan Pria Sport Chrono Fashion Quartz Men Silikon Analog Watch / Jam Tangan Pria Sport,21097,9486,11575,10800.0,4.623144691652979,33566,895,470,1681,4364,26156,KOTA TANGERANG,shopee
14232565800,604015003,Aokeyo Jam Tangan Pria Anti Air Original Luxury Stainless Steel（Free BOX+Kartu）,56,805,4578,70999.0,4.726823916620955,9116,105,76,276,1293,7366,KAB. TANGERANG,shopee
11509067293,458127871,(GRANSI 1 TAHUN) JAM TANGAN COWOK ANTI AIR ORIGINAL PRIA ANALOG DIGITAL KEREN KULIT MURAH GSOCK GSOK,14934,200,1562,32400.0,4.279376083188908,2885,153,92,322,547,1771,KAB. MOJOKERTO,shopee
10307962192,453985688,CRRJU JAM TANGAN PRIA ANALOG / JAM TANGAN PRIA MURAH / JAM TANGAN PRIA / JAM TANGAN PRIA ANTI AIR,983,133,1115,159460.0,4.766173752310536,1082,10,8,24,141,899,KOTA JAKARTA BARAT,shopee
15447582621,57213665,Jam Tangan Pria SW294-9 Jam Tangan Kulit Jam Tangan Cowok Jam Tangan Murah Jam Pria Jam Cowok Jam Murah,164,61,297,22500.0,4.536729857819905,844,16,16,67,145,600,KOTA SURABAYA,shopee
11051077350,510410301,Jam Tangan Pria Kulit Fsl L390 3 Varian Berbeda Free Box ORI & Baterai Cadangan Tanggal Aktif ( Bisa COD ),12109,589,4588,118000.0,4.6938579654510555,4168,13,10,212,770,3163,KOTA JAKARTA PUSAT,shopee
1882366627,90309109,✅COD [BBS] Jam Tangan Pria Analog MILENIAL Casual Fashion Watch Pria,237,724,8117,19500.0,4.343515358361775,11724,611,346,1057,2111,7599,KOTA JAKARTA BARAT,shopee
18826646,3720074,WBS PROMO ANTI AIR RUBBER JAM TANGAN PRIA SPORT CASIO GSHOCK G SHOCK DUAL TIME GWG 1000 LIST MERAH GK002,4580,91,11562,45900.0,4.71473913905971,10083,125,75,342,1470,8071,KOTA JAKARTA SELATAN,shopee
20939054670,816547031,TERLARIS JAM TANGAN PRIA FULL HITAM-JAM TANGAN FORMAL-JAM TANGAN CASUAL-JAM TANGAN PRIA,5289,389,205,38500.0,4.499274310595065,689,21,14,37,145,472,KOTA JAKARTA SELATAN,shopee
19323311609,816547031,WADUH...!!!! JAM TANGAN PRIA-JAM PRIA TERBARU-JAM PRIA CASUAL-JAM PRIA MASAKINI-RANTAI SILVER,81,2463,1474,35247.0,4.462732919254658,5474,173,134,373,1101,3693,KOTA JAKARTA SELATAN,shopee
5282586520,52922719,Jam Tangan Pria G-SHOCK Monster GX56 Kingkong Full Black,129,2635,7119,25500.0,4.691556941556941,17327,209,162,746,2559,13651,KOTA JAKARTA UTARA,shopee
18298860,3720074,WBS WATER RESIST JAM TANGAN PRIA CASIO G SHOCK GSHOCK ANTI AIR RUBBER DIGITAL DUAL TIME GWG 1000 GK002,402601,4416,52225,45900.0,4.6764372419101505,96450,1740,1097,3730,13555,76328,KOTA JAKARTA SELATAN,shopee
2895484346,7662138,JAM TANGAN PRIA GSHOCK GST-8600 CASIO G SHOCK GST8600 METAL RUBBER ANTI AIR,49963,3316,27794,51700.0,4.687102734663711,81382,1080,757,3329,12323,63893,KOTA JAKARTA PUSAT,shopee
2946182914,134317046,Jam Tangan Pria/Wanita Digital Murah Anti Air,99357,459,3286,19990.0,4.722675120772947,6627,62,56,238,955,5316,KAB. SIDOARJO,shopee
18476990008,115364231,Jam Tangan Pria Digital Sport Tahan Air Bahan Rubber Premium Modis Keren Kasual Kekinian,285,345,341,34200.0,4.696502057613169,973,9,10,22,185,747,KAB. JEMBER,shopee
12811668809,220096178,Jam Tangan Pria VAVA VOOM 100% Original Kronograf JAM TANGAN COWOK Quartz Analog stainless steel Jam Mursh Arloji COD Free Box laki Gift COWO,7,434,1452,76000.0,4.762651141961487,2233,13,12,57,328,1823,KAB. TANGERANG,shopee
6760569852,3720074,WBS Jam Tangan Pria GT Sport Chrono Grand Touring Korea Fashion Quartz Silikon Rubber Analog Watch GT002,204359,6903,5236,10750.0,4.329229812008355,22513,1521,738,1728,3377,15149,KOTA JAKARTA SELATAN,shopee
16221772964,659664597,Jam Tangan Pria A0142 Alloy Band Quartz Watch,578,1970,350,14800.0,4.235194585448393,1182,71,56,123,206,726,KOTA BOGOR,shopee
13547285642,19260065,EIGER VERDON-LAW WATCH BLACK,370,557,6953,647100.0,4.886959482465101,2937,8,7,31,217,2674,KOTA DEPOK,shopee
23081922693,891117459,(Grosir) Jam tangan Divigo RM DV-2303 Analog Sport Tahan Air Strab Rubber Tanggal Aktif,59866,83,24,55000.0,4.54054054054054,37,1,1,1,8,26,KOTA JAKARTA UTARA,shopee
12595007344,816547031,"WOW..!!! JAM TANGAN PRIA TERBARU,,MURAH,,MEWAH ,,RANTAI SILVER",3222,1101,2322,36005.0,4.399584910267366,8191,277,234,688,1732,5260,KOTA JAKARTA SELATAN,shopee
16172854145,613038935,COD !!! JAM TANGAN PRIA TERLARIS///JAM TANGAN PRIA STAINLESS STEEL//JAM TANGAN PRIA TALI RANTAI//GRATIS BATERAI CADANGAN,6673,2318,3704,38900.0,4.321764655097988,11587,544,415,1066,2315,7247,KOTA JAKARTA SELATAN,shopee
19614676987,769712982,HANNAH MARTIN Jam Tangan Pria 100% Original Sangat tipis Quartz COWOK Couple Kulit Anti Air Men Watch COD Laki Arloji Men Watch murah CB01,1989,1051,12083,99000.0,4.866171003717472,11029,14,10,95,1200,9710,KAB. TANGERANG,shopee
20317483256,448298453,GA WATCH Gshock G-shock GST8600 GST 8600 Olahraga Digital Jam Tangan Pria + Casing + Tahan Air + Tahan Guncangan,25412,353,256,47200.0,4.639032815198618,579,8,12,23,95,441,KOTA SURAKARTA (SOLO),shopee
19716373862,769712982,HANNAH MARTIN Jam Tangan Pria 100% Original Business Tanggal Analog Stainless Steel 17551,31,1574,8596,139000.0,4.84452296819788,6226,10,16,57,766,5377,KAB. TANGERANG,shopee
23710223985,769712982,HANNAH MARTIN Jam Tangan Pria 100% Original Keren Sangat tipis Quartz COWOK Couple Kulit Anti Air Men Watch COD Laki Arloji Men Watch murah CH03+,123,4774,19598,96000.0,4.84580474363823,18509,39,37,197,2193,16043,KAB. TANGERANG,shopee
23916681158,178904527,(Terima Cod)Jam Tangan Pria Harga 1pcs Alba ll Strap Stell/Rantai(Dikirim Jakarta),797379,1936,617,18000.0,4.506787330316742,3094,89,73,197,557,2178,KOTA JAKARTA BARAT,shopee
10249890019,220096178,VaVa Voom 216 Jam Tangan Pria Korea Kulit Stainless Steel Analog Quartz Cowok Tangan Arloji Original Tahan Air Watch + Kotak Gratis,6176,459,1423,79900.0,4.775678866587958,3392,19,21,88,445,2819,KAB. TANGERANG,shopee
10553589522,3720074,WBS JAM TANGAN PRIA RANTAI STAINLESS STEEL CASUAL ANALOG QUARTZ FASHION LAKI LAKI GROSIR JF096,27151,839,983,16700.0,4.451749095295537,3317,153,86,236,480,2362,KOTA JAKARTA SELATAN,shopee
19958676269,891117459,COD Jam Tangan Pria Quiksilver Drone Digital Tahan Air Strap Rubber WaterResist,493026,302,188,23300.0,4.518264840182648,438,11,3,33,92,299,KOTA JAKARTA UTARA,shopee
5762199583,15372670,Terlaris (BISA COD) Jam Tangan Pria Kulit Super Premium Free Box Ori Dan Paper Bag - WOS,287682,1723,12749,40000.0,4.576174179844229,16954,490,269,932,2568,12695,KOTA JAKARTA UTARA,shopee
1001999629,3720074,WBS JAM TANGAN PRIA QUICKSILVER SURF TANGGAL HARI SPORT ANALOG KULIT MURAH QS COUPLE WANITA ANAK REMAJA DEWASA QS022,121775,1176,13169,17900.0,4.449004242281404,34016,1639,821,2380,4995,24181,KOTA JAKARTA SELATAN,shopee
23357527315,424502872,HANNAH MARTIN Jam Tangan Pria 100% Original Keren Sangat tipis Quartz COWOK Couple Kulit Anti Air Men Watch COD Laki Arloji Men Watch murah CH03+,5585,204,76,99000.0,4.825688073394495,109,1,0,2,11,95,KAB. TANGERANG,shopee
180538538,7662138,WATER RESIST G-Shock GWG 1000 Gshock Digital Double Time Rubber Jam Tangan Pria,362500,2043,32871,45800.0,4.747306871118012,82899,709,570,2498,11467,67655,KOTA JAKARTA PUSAT,shopee
10580682446,808197,Jam tangan pria G Shock GWG-1000 Hijau merah biru hitam army mud-master dual time digital anti air sporty,33926,355,1378,55000.0,4.681202121390689,3403,52,42,119,510,2680,KOTA JAKARTA BARAT,shopee
6700319568,125401174,SKMEI 1389 Jam Tangan Pria Digital Analog Tali Stenlis WATCHKITE WKOS,2887,1094,11499,142500.0,4.793284479930001,18299,114,101,462,2141,15481,KOTA JAKARTA BARAT,shopee
12854902761,52922719,Casio Jam Tangan Pria/Wanita Casio Analog Strab Rubber,1798,489,1302,13500.0,4.3957477651606665,4139,189,111,351,710,2778,KOTA JAKARTA UTARA,shopee
17401312195,392974140,[✅COD] JAM TANGAN PRIA KEREN TERBARU 2021 ANTI AIR QUIKSILVER DRONE DIGITAL RUBBER QS-DRONE,1790,2562,1378,23500.0,4.528283227848101,5058,128,111,323,897,3599,KOTA JAKARTA UTARA,shopee
13067318603,604015003,Aokeyo S001 Jam Tangan Pria Anti Air Original Luxury Stainless Steel（Free BOX+Kartu）,555,3997,28271,69999.0,4.7217885993855955,43953,494,415,1414,6199,35431,KAB. TANGERANG,shopee
23556392861,132849854,Jam Tangan Pria QuikSilver Drone Strab Rubber Digital Water Resist,993,385,88,23490.0,4.650887573964497,169,2,3,8,26,130,KOTA JAKARTA UTARA,shopee
19185202738,1083876574,"(COD) Jam Tangan Digital LED Pria Wanita Premium, Rubber, Fashion Couple, dan Unisex dengan Layar Sentuh: Pilihan Terbaru, Murah, dan Dikirim dari Jakarta dalam Penawaran Flash Sale",68838,622,85,12000.0,4.826086956521739,92,0,0,2,12,78,KOTA JAKARTA UTARA,shopee
10168789892,132849854,JAM TANGAN PRIA KEREN TERBARU 2021 ANTI AIR QUIKSILVER DRONE DIGITAL RUBBER QS-DRONE,1172,1073,5736,23490.0,4.602925531914893,15050,276,241,750,2670,11113,KOTA JAKARTA UTARA,shopee
22224856552,69504647,Jam Tangan Pria Digital Sport Tahan Air Rubber Keren,249,53,388,34200.0,4.791578947368421,950,2,8,20,126,794,KAB. JEMBER,shopee
6140605072,14135595,JAM TANGAN PRIA DW KULIT PREMIUM KUALITI FREE BOX DAN PAPERBAGS DIAMETER 4.2CM||JAMTANGAN FASHION PRIA,41300,213,22210,50000.0,4.677842824197268,22612,431,254,854,3124,17949,KOTA JAKARTA PUSAT,shopee
21079830139,84976950,✅BAYAR DI TEMPAT✅ Jam Tangan LED Strap Rubber Pria dan Wanita Digital Sport Watch Fashion,5409,691,162,9000.0,4.295865633074936,774,43,29,68,150,484,KOTA JAKARTA BARAT,shopee
18417563057,719837418,Jam Tangan Divigo Analog Sport Strab Rubber WaterResist D-27,425989,1582,2391,31800.0,4.400547757617255,5842,216,166,514,1112,3834,KOTA JAKARTA UTARA,shopee
22920521204,827163527,Kirim JKT- Jam Tangan Sport Digital Pria Casual 1251 Tahan Air,2810,919,422,32000.0,4.553592461719671,1698,40,27,102,313,1216,KOTA JAKARTA UTARA,shopee
16796245482,80451242,PhiLipe Ricci Jam Tangan Pria Kulit Hitam Original Kasual Analog Strap Leather Desain Simpel Gaya Minimalis Kekinian 7298L Men Watches Leather Free Box Dan Baterai,410,523,789,54000.0,4.841013824884793,434,2,2,7,41,382,KOTA MALANG,shopee
17591221017,769712982,HANNAH MARTIN Jam Tangan Pria 100% Original Korea Sangat tipis Quartz COWOK Keren Couple Kulit Anti Air Men Watch COD Laki Arloji Men Watch murah CH03,5375,1106,5207,99000.0,4.867494824016563,3864,6,6,28,414,3410,KAB. TANGERANG,shopee
10068789428,132849854,Ready Casio Murah Anti Air Jam Tangan Pria / Wanita CS596,295,603,925,13490.0,4.155457108336689,2485,192,102,290,449,1452,KOTA JAKARTA UTARA,shopee
15849642762,10874319,Jam Tangan Analog Pria Cowok Wanita Sport Chrono JC-041 Model Casio G shock Korea Kekinian Terlaris Promo Murah bisa Cod Belum Anti Air Grosir,7551,316,432,16490.0,4.488620199146515,1406,66,25,87,206,1022,KOTA SURABAYA,shopee
25401812544,1054892036,ORIGINAL JAM TANGAN PRIA ALEXANDRE CHRISTIE AC 9603 / AC9603 / 9603 @raja.jam66,5859,104,13,105000.0,5.0,6,0,0,0,0,6,KOTA BANDAR LAMPUNG,shopee
21866865101,899116632,Sunlifex Jam Tangan Pria  9001 Original Display Kuarsa Anti Air Tali Stainless Steel Santai Mode Jam Tangan Cowok,295,1242,1960,59000.0,4.655969993748697,4799,67,60,206,791,3675,KOTA JAKARTA UTARA,shopee
10241477197,7662138,Jam Tangan Pria Rolex Submariner Set Paket,1338,1015,1583,63000.0,4.647561409754361,2810,48,40,122,434,2166,KOTA JAKARTA PUSAT,shopee
25900115024,22767516,(BISA COD) JAM TANGAN DIGITAL COWO KEREN TERBARU 2023 ELEGAN MURAH TERLARIS REALPICT,260,322,83,30999.0,4.884146341463414,164,0,0,1,17,146,KOTA JAKARTA PUSAT,shopee
17586439524,859391157,VA VA VOOM 216 Jam Tangan Pria Kulit Stainless Steel Analog Quartz Original Tahan Air Watch + Kotak Gratis,166,1400,2554,86000.0,4.829660067239447,2677,4,8,41,334,2290,KAB. TANGERANG,shopee
21385731916,906208158,OPK Jam Tangan Pria Anti Air Original Cowok Stainless Steel Cool Style Fashion Men Watch Model 8109,9,27,78,142000.0,4.705882352941177,17,1,0,0,1,15,KAB. TANGERANG,shopee
9673922379,134143841,SH - JAM TANGAN SPORT DIGITAL FASHION JAM PRIA [COD],3892,178,718,9399.0,4.186433260393873,2288,146,98,299,393,1352,KAB. JEMBER,shopee
74354328,3720074,WBS JAM TANGAN GSHOCK PRIA WANITA SPORT RUBBER DIGITAL LED CASIO G SHOCK GLS DW 5600 MURAH GK005,6537,738,13956,14800.0,4.538595106550908,25399,786,403,1595,4218,18397,KOTA JAKARTA SELATAN,shopee
23045890247,899116632,Sunlifex Jam Tangan Pria 9095 Kuarsa Olahraga Kasual Tali Kulit Pria Jam Tangan Cowok,183,2219,4447,74000.0,4.759412890874282,4701,43,29,126,620,3883,KOTA JAKARTA UTARA,shopee
25051485259,1036405594,COD JAM TANGAN PRIA ANTI AIR  FASHION MENS STAINLESS STEEL WATCHES LUXURY MEN BUSINESS CALENDAR QUARTZ WRIST WATCH FOR MEN CASUAL SPORT WATERPROOF MAN CLOCK,104976,6,39,47140.0,5.0,4,0,0,0,0,4,KAB. TANGERANG,shopee
21865289928,44685182,"Jam Tangan Pria Digital  QSILVER TaliI Rubber 4,6CM",19,207,83,34950.0,4.823529411764706,204,0,0,5,26,173,KOTA SURABAYA,shopee
21191038728,1032246437,Jam Tangan Pria Full Stainless Steel Tahan Air dan Anti Karat Jam tangan Keren Zn011,128234,288,435,144000.0,4.775210084033613,476,3,4,10,63,396,KOTA JAKARTA UTARA,shopee
10245751602,196847617,Jam tangan 511 Quik model segi tahan air,1029,162,804,46800.0,4.629843363561418,2426,47,27,105,419,1828,KOTA JAKARTA PUSAT,shopee
13916187670,39424913,JAM TANGAN SKYMAX ORIGINAL PRIA Standart Militer Waterproof Anti Air 30 Meter,419998604,310,16196,78000.0,4.805489318214998,20571,102,86,417,2515,17451,KOTA JAKARTA UTARA,shopee
16637359684,133765207,(Cod)Jam Tangan Pria  Quartz Crono Variasi Strap Rantai/Stell(Dikirim Dari Jakarta) Murah,6845,292,460,15000.0,4.321875,2880,131,103,265,590,1791,KOTA JAKARTA BARAT,shopee
7056028391,3118593,SKMEI 1426 Jam Tangan Pria Digital Dual Time Anti Air WK-SBY,206,319,3389,77000.0,4.805818181818182,5503,16,24,111,710,4642,KOTA SURABAYA,shopee
16277575357,418089877,JAM TANGAN PRIA GSHOCK GST-8600 CASIO G SHOCK GST8600 METAL RUBBER ANTI AIR,48551,160,1278,51400.0,4.55656836461126,3730,88,67,190,721,2664,KOTA SURAKARTA (SOLO),shopee
14407667329,10874319,Jam Tangan Pria Cowok bukan Wanita Cewek Sport Rantai Stainless Steel sh03 Korea Kekinian Keren Grosir Promo Murah Cod,4296,218,412,17500.0,4.487164527421237,1714,63,39,114,282,1216,KOTA SURABAYA,shopee
2261036298,67736377,✅COD Jam Tangan SHSHD RANTAI - Jam Tangan Strap Stainless Steel/Jam Tangan Pria Terbaru/Fashion Pria,2219,483,3741,12900.0,4.454511765795813,10803,419,261,859,1741,7523,KOTA JAKARTA BARAT,shopee
6997087339,315922285,✅COD MESIN JAPAN !! JAM TANGAN LED WANITA PRIA RUBBER DIGITAL WATCH MURAH BERKUALITAS J,2009,219,337,9999.0,4.41745134965474,1594,56,49,142,276,1071,KOTA MEDAN,shopee
17173680032,448294813,CASI0 DW-5600 jam tangan olahraga elektronik pria meja persegi kecil CASI0 G-SHOCK,27825,154,333,19998.0,4.581190301249082,1433,30,16,85,233,1069,KOTA SURAKARTA (SOLO),shopee
24600063485,719837418,Jam tangan Pria/Wanita Original DIVIGO DV-2115 Digital Water Resist Strap Rubber,45797,521,544,56000.0,4.785714285714286,322,2,0,10,41,269,KOTA JAKARTA UTARA,shopee
3808908262,52922719,Jam Tangan Pria G-Shock Besi Twin Sensor Double Time Kepala Besi Strab Rubber,196883,503,1053,54000.0,4.651173933876378,2087,39,27,86,319,1616,KOTA JAKARTA UTARA,shopee
21517558708,719837418,Jam Tangan Pria /Wanita DIVIGO DV-2107 / Jam Tangan Digital LED Original Water Resistant 3ATM,2788,792,4664,52250.0,4.706068503350707,5373,43,61,166,895,4208,KOTA JAKARTA UTARA,shopee
6714289965,77782045,(JT11) Jam Tangan Pria Jam Tangan Army Jam Tangan Sport Jam Tangan Olah Raga Jam Tangan Kekinian,402,316,275,9999.0,4.455252918287938,1285,39,41,105,211,889,KOTA SURABAYA,shopee
21485824888,3720074,WBS JAM TANGAN CHRONO PRIA MURAH GASTRO LEATHER PREMIUM KULIT ANALOG SPORT PREMIUM UNISEX WANITA GROSIR MURAH ANAK REMAJA DEWASA COD GT021,9329,495,34,18500.0,4.594594594594595,111,5,2,4,11,89,KOTA JAKARTA SELATAN,shopee
23729791387,314844226,(COD) Jam Tangan Pria Terlaris/ Jam Tangan Cowok Stainless Steel/ Jam Tangan Pria Tahan Air Termurah UU,2682,297,229,35000.0,4.189886480908153,969,69,48,88,189,575,KOTA JAKARTA UTARA,shopee
22922940306,951652523,KATRI-[✅COD] Jam Tangan CASIO MQ-240-7B Bulat Kecil / Jam Tangan Unisex Pria/wanita Casio Analog Strap Rubber / Jam tangan unisex casio MQ 24 Strap Rubber,26219,409,468,15000.0,4.500904159132007,1106,33,19,79,205,770,KOTA JAKARTA UTARA,shopee
19265446994,899116632,Sunlifex Jam Tangan Pria Dial Berongga Anti Air Kuarsa Tali Kulit Jam Pria Original Santai Mode Jam Tangan Cowok 7001,4024,1242,2608,52000.0,4.659387864685878,5587,82,65,208,964,4268,KOTA JAKARTA UTARA,shopee
14755574955,659664597,Jam Tangan Pria A0129 Jam Tangan Militer Kuarsa Silikon,7247,1072,130,12500.0,4.521891418563923,571,16,13,36,98,408,KOTA BOGOR,shopee
12662473845,52922719,Jam Tangan Pria Rolex Submarine TANGGAL AKTIF / GROSIR JAM TANGAN MURAH,47271,337,410,48000.0,4.356530028598665,1051,50,43,90,172,696,KOTA JAKARTA UTARA,shopee
18828266248,253978143,FygaleryMedan J170 Jam Tangan Kanvas Pria Jam Analog Cowok Fashion,911,144,131,15156.0,4.463286713286713,572,26,18,35,79,414,KOTA MEDAN,shopee
16505035443,659664597,Jam Tangan Pria A0108 Palsu Tiga Mata Enam Pin Tahan Air Rantai Baja Jam Tangan Bisnis,448,600,75,13800.0,4.343612334801762,227,11,8,18,45,145,KOTA BOGOR,shopee
14519062556,378926134,【Beli 1 Gratis 5】100% ORI Jam Dw Jam Tangan Pria Dw Original Jam Tangan Anti Air Dw Wanita Original Jam DW Kulit Jam Daniel Wellington Pria 40MM With ✔paket box + paperbag + manual✔Best Seller Jam Dw D.W Polos LS-0388DR Kulit Diameter 40mm,290,313,7298,49999.0,4.523809523809524,7584,286,172,409,1141,5576,KOTA BEKASI,shopee
22158222020,1087395791,Watch - SKMEI 1389 Jam Tangan Pria Digital Analog Stainless Steel,20,92,22,136000.0,4.809523809523809,63,0,1,1,7,54,KOTA JAKARTA UTARA,shopee
5679214209,384234165,【TERMURAH】AOKEYO 5080 Jam Tangan Pria Anti Air Original Luxury Stainless Steel （Free BOX+Kartu Garansi）,24,1153,18485,76999.0,4.710848106860483,40756,418,359,1462,6208,32309,KOTA SURABAYA,shopee
10972633846,57224504,Jam Tangan SHSHD Rantai Jam Tangan Pria Jam Tangan Strap Stainless Stel,29,103,269,21500.0,4.316964285714286,897,50,29,84,161,573,KOTA PEKANBARU,shopee
1548493177,90309109,✅COD [BBS] Jam Tangan Led Wanita Pria Rubber Digital Watch Murah Berkualitas,24478,2683,13890,4649.0,4.432848104521373,38933,1569,1018,3182,6382,26782,KOTA JAKARTA BARAT,shopee
17172598099,368138027,JAM TANGAN PRIA RANTAI TERMURAH CRHONO VARIASI,1087,56,116,32000.0,4.409972299168975,369,14,12,25,71,247,KOTA YOGYAKARTA,shopee
16298824941,500969348,Best Seller...!!! Promo Jam Tangan Pria Quikslver Tali Kulit Bonus Dompet Dan Free Batrai Cadangan Jam Tangan Pria Fashion Terkeren dan Terlaris Bisa Bayar  Ditempat ( COD ),279,592,101,32200.0,4.5578512396694215,242,4,4,17,45,172,KOTA JAKARTA PUSAT,shopee
1914785897,67736377,✅COD Jam Tangan Pria Geneva Bisnis Korea,1644,162,3645,14900.0,4.560292326431181,8216,224,139,502,1306,6045,KOTA JAKARTA BARAT,shopee
11181571129,378937380,Jam Tangan Analog Pria Cowok Wanita Sport Chrono Model Casio G shock Korea Kekinian Terlaris Promo Murah bisa Cod Belum Anti Airde,1391,241,1146,16999.0,4.458809733216066,3412,136,67,263,578,2368,KOTA SURABAYA,shopee
12130736382,100668469,JAM TANGAN PRIA/WANITA || KADO ULANG TAHUN || KADO WISUDA MURAH || FREE BOX BATRE GIFT,364,148,672,43000.0,4.647337278106509,845,2,2,42,200,599,KOTA SURAKARTA (SOLO),shopee
5669183010,41627068,Jam tangan  pria & wanita premium anti air,149,102,356,22900.0,4.561304836895388,889,16,17,59,157,640,KOTA SURAKARTA (SOLO),shopee
8767960722,149560803,Jam Tangan Pria Digital Bulat Suunto SNT333 Strap rubber Tahan Air,734,522,955,30000.0,4.3481244281793225,2187,119,68,175,398,1427,KOTA JAKARTA UTARA,shopee
17691181637,899116632,Sunlifex Jam Tangan Pria Original Bisnis Anti Air Kuarsa Jam Pria Calendar Tali Stainless Steel Jam Tangan Cowok 9007,1586,974,3375,60000.0,4.698606271777003,4592,51,50,159,712,3620,KOTA JAKARTA UTARA,shopee
22086936268,91442354,BIDEN Jam Tangan Pria Anti Air Original Kalender Kuarsa Kemewahan Mode Tali Stainless Steel Jam Tangan Cowok,362,30,46,155000.0,5.0,21,0,0,0,0,21,KOTA JAKARTA UTARA,shopee
20014410980,769712982,HANNAH MARTIN Jam Tangan Pria Sangat tipis 100% Original korea fashion anti air Kulit Cowok simple Quartz analog Laki Arloji CH02,5166,375,5778,99000.0,4.865041208791209,5824,6,2,34,688,5094,KAB. TANGERANG,shopee
23434615937,969163535,5panjang store promoo jam tangan pria terlaris rantai stell jam tangan mewah pria,8226,132,49,37400.0,4.6,220,3,3,8,51,155,KOTA JAKARTA SELATAN,shopee
22361025310,1117512424,JAM TANGAN PRIA AIEXANDRE CHRISTlE 6141 PRIA DISCOUNT DAN BERGARANSl RESMl BNIB,4437,76,105,105000.0,2.8395061728395063,81,40,3,1,4,33,KAB. BANDUNG,shopee
3753218927,84976950,Jam Tangan Pria Sport Quartz Analog Fashion / Jam Tangan Pria Sport Chrono,13005,1107,1415,10800.0,4.542308551015852,4481,156,74,265,674,3312,KOTA JAKARTA BARAT,shopee
12673021951,64001085,JAM TANGAN PRIA TERBARU RANTAI,1193,103,267,24000.0,4.461928934010152,788,27,19,60,139,543,KOTA JAKARTA PUSAT,shopee
22853747906,609129094,【✔Penjualan Terbaik】100%Ori Jam Tangan Pria Jam Tangan Wanita  Jam Tangan Kulit Premiun Diameter  +Free Box Baterai |Jam tangan Fashion Pria/Jam Tangan Pasangan,399,542,1275,46666.0,4.734475374732334,467,8,3,14,55,387,KAB. TANGERANG,shopee
1400948547,3720074,WBS JAM TANGAN DIGITAL PRIA WANITA WATCH RUBBER ELEKTRONIK TOUCH SCREEN LED AP015,267390,1173,14834,13900.0,4.485606034978519,29600,1279,725,1921,4099,21576,KOTA JAKARTA SELATAN,shopee
2707533861,137594685,Jam Tangan Pria Sporty Quicksilver Tanggal Aktif Strap Kulit,41230,601,13629,18500.0,4.447041903322527,41052,1527,954,3185,7430,27956,KOTA JAKARTA UTARA,shopee
18386070621,22767516,(COD) JAM TANGAN RANTAI PRIA SPORTY TERLARIS KEREN COWO TERBARU,1335,154,26,30000.0,4.8133333333333335,75,0,0,0,14,61,KOTA JAKARTA PUSAT,shopee
17986886560,59088701,"PAKET KEREN JAM TANGAN PRIA LONG TIM3,FREE BOX+GELANG+BATRAI CADANGN",4864,871,1277,47999.0,4.561576354679803,3248,65,66,173,620,2324,KOTA JAKARTA BARAT,shopee
2472625074,52922719,Jam Tangan Pria QuikSilver Tanggal Strab Kulit,5287,260,639,18600.0,4.535666814355339,2258,69,36,143,381,1629,KOTA JAKARTA UTARA,shopee
4942330006,16821228,SKMEI Jam Tangan Digital Elegant Pria - 1412,315,82,1075,56708.0,4.815189873417721,790,2,1,18,99,670,KOTA JAKARTA BARAT,shopee
23177600031,808197,TERLARIS ... G Shock GBA-400 CASI0 Jam tangan pria & anak dual time digital anti air sporty,10429,491,1577,59000.0,4.498942917547569,946,55,17,39,125,710,KOTA JAKARTA BARAT,shopee
5636665994,7662138,Jam Tangan Sporty Casio Gshock GLS5600 Black G-Shock GLS Rubber,31758,725,3385,14800.0,4.678996152500875,11440,166,106,474,1751,8943,KOTA JAKARTA PUSAT,shopee
22482628341,1032246437,Jam Tangan Pria Original Anti Air Fashion Kasual Bisnis Stainless Steel Quartz Watch Terbaru Perak Zn025,3158,44,48,135000.0,4.785714285714286,28,1,0,0,2,25,KOTA JAKARTA UTARA,shopee
13734436008,126805439,Jam Tangan Pria dan Wanita Sport Chrono Rariasi Rantai Geneva Jam Tangan,464,150,194,21600.0,4.437849944008959,893,37,20,67,160,609,KOTA MEDAN,shopee
23161251861,1085919673,JAM TANGAN PRIA ALEXANDER CRISTIE AC6141 JAM TANGAN PRIA AC 6141 MURAH,2573,34,29,110500.0,4.685714285714286,35,2,1,0,0,32,KOTA JAKARTA UTARA,shopee
18658765742,816547031,JAM TANGAN TRENDI PRIA TERLARIS-JAM TANGAN PRIA TALI RANTAI TERBARU 2022,103,417,224,32900.0,4.481159420289855,690,14,17,49,153,457,KOTA JAKARTA SELATAN,shopee
20436933266,841417678,JAM TANGAN PRIA ANTI AIR ORII JAM TANGAN PRIA DEWASA ANTI AIR RELIEF GOLDEN DRAGON JAM TANGAN STAINLESS STEEL KALENDER LUMINOUS POINTER PRIA JAM KUARSA PRIA JAM TANGAN UNTUK PRIA,42634,468,687,58750.0,4.123222748815166,1477,132,78,145,243,879,KAB. TANGERANG,shopee
17784549673,842075412,JAM TANGAN PRIA ANTI AIR ORII JAM TANGAN PRIA PRIA STRAP STAINLESS STEEL KALENDER MODEL KASUAL COWOK MILENIAL JAM TANGAN PRIA DEWASA ANTI AIR JAM TANGAN PRIA MEWAH,55041,446,259,46220.0,3.9442424242424243,825,94,45,93,174,419,KAB. TANGERANG,shopee
21766546623,80451242,PhiLipe Ricci Jam Tangan Pria Analog Kulit & Karet Quartz Terbaru KLDRP Free Box,782,436,567,54000.0,4.854304635761589,453,0,0,10,46,397,KOTA MALANG,shopee
22557138912,107473669,Promo Jam Tangan Pria Quicksilver / Jam Tangan Pria Digital/ Jam Tangan Anti Air/ Jam Tangan Pria Murah Berkualitas,7,49,9,36000.0,4.615384615384615,39,2,0,1,5,31,KAB. BANJAR,shopee
8954158179,137594685,Jam Tangan Pria DW Set Strap Kulit Free Box + Paper bag,33202,2354,10862,41000.0,4.229938185665757,17966,1326,695,1638,3191,11116,KOTA JAKARTA UTARA,shopee
22358288526,112096377,Gozeal | Digital Watches | Smox,90,143,442,249000.0,4.888059701492537,134,0,0,0,15,119,KOTA SERANG,shopee
20236232937,775731559,Jam Tangan Maternal Ds Custom Rubber Casual Premium Include Double Strap + Bonus,9,164,232,92000.0,4.681034482758621,464,8,4,10,84,358,KOTA MALANG,shopee
16728353757,80451242,PhiLipe Ricci Jam Tangan Pria Rantai Analog Besi Black Series BLCK24 Free BOX,340,414,2206,59000.0,4.830487804878048,1640,7,3,21,199,1410,KOTA MALANG,shopee
11429557779,366661526,JAM COWOK KEREN / AWIN BWIN SPORT,43,82,1689,45000.0,4.6035699460357,2410,51,28,115,440,1776,KAB. SIDOARJO,shopee
4740967402,133765207,Jam Tangan Pria Lasika Sergi Sporty  Anti Air(Terima Cod),600,306,514,25000.0,4.749229821318546,1623,23,12,43,193,1352,KOTA JAKARTA BARAT,shopee
2110481276,125401174,SKMEI 1426 Jam Tangan Pria Digital Anti Air WATCHKITE WKOS,1549,581,5445,76950.0,4.7631578947368425,9400,71,57,274,1241,7757,KOTA JAKARTA BARAT,shopee
21051902563,359858235,"Promo Termurah 4 in 1/Jam Tangan Pria Kulit Free Tas,Dompet dan Topi/Jam Tangan Pria Kulit / Paket bundling Buy 1 Get 4/Jam Pria paket Murah/Jam Pria Terbaru/ Paket Paling Hemat!!",176234,531,2535,59500.0,4.313826499072738,4853,194,185,495,1009,2970,KOTA JAKARTA SELATAN,shopee
18585744110,500969348,"Paket Combo Jam Tangan Pria Tali Kulit Bonus Dompet Kulit, Gelang Dan Batrai Cadangan Free Ongkir Bisa Bayar Ditempat ( COD )",392,207,47,37500.0,4.457831325301205,83,2,2,8,15,56,KOTA JAKARTA PUSAT,shopee
4340046191,129317701,(COD)JAM TANGAN WD KULIT PRIA 4CM FREE BOX+PAPERBAGS,7230,213,6213,50000.0,4.681575942139323,5254,103,44,201,727,4179,KOTA JAKARTA UTARA,shopee
23181438869,719837418,Jam tangan Divigo RM DV-2303 Analog Sport Tahan Air Strab Rubber Tanggal Aktif,29502,288,212,64900.0,4.510729613733906,233,10,4,12,38,169,KOTA JAKARTA UTARA,shopee
19488826383,1002172425,Jam Tangan Pria QuikSilver Drone Strab Rubber Digital Water Resistant,5195,161,97,35100.0,4.797979797979798,99,0,0,3,14,82,KOTA JAKARTA BARAT,shopee
21804459804,84976950,[ Bayar Di Tempat ] Jam Tangan Digital Sport Wanita Dan Pria Rubber Fashion,3226,1265,846,9000.0,4.565874035989717,3119,95,59,160,482,2323,KOTA JAKARTA BARAT,shopee
17477598895,719837418,Jam Tangan Digital Pria DV-7209 Water Resistant 3ATM,737808,860,4065,55000.0,4.709223847019123,5334,49,48,187,837,4213,KOTA JAKARTA UTARA,shopee
5892065032,137594685,Jam Tangan Pria Digital Strap rubber SNT-333 Anti air,8673,908,2520,34500.0,4.44309262166405,7649,328,205,535,1275,5306,KOTA JAKARTA UTARA,shopee
8703813363,111525256,✅COD Jam Tangan Pria Laki Laki Original Gastro Luxury Stainless Steel 11395 4 Jam Tangan Harga Grosir,1012,149,1031,18000.0,4.514925373134329,2681,66,57,184,500,1874,KOTA JAKARTA TIMUR,shopee
22804493366,52922719,(CHN) Jam Tangan Wanita/Pria Digital Strap Rubber LED Watch S1216,48437,96,112,15700.0,4.022471910112359,267,26,16,28,53,144,KOTA JAKARTA UTARA,shopee
8530444493,45877844,jam tangan olahraga jam tangan sentuh jam tangan elektronik tahan air,1094,176,1472,18000.0,4.671064604185624,2199,19,17,104,392,1667,KOTA SURABAYA,shopee
15063875209,381666938,"Jam tangan pria digital karet Sport Lasika W-F110, tahan air",85,22,38,33000.0,4.7155172413793105,116,4,0,3,11,98,KOTA MEDAN,shopee
5802077123,149560803,Jam Tangan Pria Sporty Quicksilver Tanggal Aktif Strap Kulit,53281,109,943,18500.0,4.404139120436907,3479,149,101,268,638,2323,KOTA JAKARTA UTARA,shopee
12695649620,52922719,Jam Tangan Pria QuikSilver Skymax Digital Strap Rubber,43686,354,1022,36900.0,4.595004095004095,2442,58,39,127,386,1832,KOTA JAKARTA UTARA,shopee
6528612221,242393000,OLEVS Jam Tangan Pria Anti Air Original Tahan Kulit Tali Laki Laki Cowok Analog Men Watch Hitam Biru Putih Cod,7797,658,18265,158000.0,4.745419938139424,12614,108,103,334,1817,10252,KAB. TANGERANG,shopee
20119047286,769712982,VAVAVOOM 214 Jam Tangan Pria Business Stainless Steel Analog Quartz Original Tahan Air Watch + Kotak Gratis,46,1197,8050,89900.0,4.81454077529355,6217,8,12,75,935,5187,KAB. TANGERANG,shopee
9965772945,67736377,✅COD Jam Tangan Pria Geneva Chrono Stainless,1498,287,3161,22500.0,4.2335564274174935,8683,526,314,1000,1633,5210,KOTA JAKARTA BARAT,shopee
22034015359,116108602,(BISA COD) Best Seller!! Jam Tangan Pria QUIKSILVER PAKET Strap Kulit Free 1 Tali Karet || JAM TANGAN FASHION COWOK MURAH || Jam Tangan Pria Sporty Quicksilver Tanggal Aktif Strap Kulit,59071,489,228,40500.0,4.571428571428571,364,11,6,20,54,273,KOTA JAKARTA UTARA,shopee
18734573383,628238674,"Guntala Olshop,Jam Rantai Pria,Jam Pria Rantai,Jam Rantai,Jam Rantai Terlaris,Jam Tangan Kasual Pria,Jam Tangan Pria,Jam Tangan,Jam Tangan Rantai Pria,Jam Rantai Pria Terlaris,Jam Tangan Pria Murah,Jam Mewah,Jam Pria Elegant,Jam Stainless Steel Pria,Jam",1911,53,30,35247.0,4.613333333333333,75,1,2,3,13,56,KOTA JAKARTA SELATAN,shopee
2016667054,133765207,(Terima Cod)JAM TANGAN PRIA Q&Q Digital Sergi RUBBER(Dikirim Dari Jakarta),15404,162,618,15000.0,4.574269995768091,2363,58,41,147,357,1760,KOTA JAKARTA BARAT,shopee
445368272,16141941,JAM TANGAN GSHOCK UNISEX PREMIUM ANTI AIR FULL BLACK,38443,583,712,30500.0,4.588520055325034,1446,32,18,81,251,1064,KOTA JAKARTA PUSAT,shopee
23647457605,957319587,Rainbow COD Asli Jam Tangan Pria Tahan Air Anti Gores Mewah Stainless Steel Watch (Free Box + Card),34,168,283,81900.0,4.818181818181818,473,3,1,9,53,407,KOTA JAKARTA TIMUR,shopee
20371355174,773631142,OLEVS Jam Tangan Pria Anti Air Original Rantai Keren Terbaru Mewah Luxury Stainless Steel Watch Men Cod Jam Tangan Lelaki Couple Watch,6793,443,2836,285000.0,4.764469048817313,1987,21,8,40,280,1638,KAB. TANGERANG,shopee
15972547386,39412061,JAM TANGAN PRIA G-SOCK CASIO DW 5600 GS CASIO SEGI WARNA HITAM DIGITAL.,283,87,116,32000.0,4.7745098039215685,306,1,1,8,46,250,KOTA SURABAYA,shopee
23775078584,1032250014,Wlisth Jam Tangan Pria W11 Full Stainless Steel Tahan Air dan Anti Karat Jam tangan Keren,10178,236,260,140000.0,4.778125,320,3,0,9,41,267,KOTA JAKARTA UTARA,shopee
23248502460,719837418,Jam tangan Pria DIVIGO Analog D-22N Strab Rubber Tahan Air,1743,356,446,33250.0,4.6802197802197805,910,14,9,34,140,713,KOTA JAKARTA UTARA,shopee
18018983782,769712982,VAVAVOOM 216 Jam Tangan Pria Kulit Stainless Steel Analog Quartz Original Tahan Air Watch + Kotak Gratis,97,1679,23544,89900.0,4.825841791525697,18621,40,40,164,2635,15742,KAB. TANGERANG,shopee
19182540554,630951794,JAM TANGAN PRIA GT-100 ANALOG SPORTS STRAP RUBBER CRONO VARIASI,447,51,31,11000.0,4.491228070175438,114,5,2,4,24,79,KOTA JAKARTA UTARA,shopee
23370133797,907786808,OLEVS Jam Tangan Pria Anti Air Original Rantai Keren Terbaru Mewah 2023 Hitam Luxury Stainless Steel Watch Men 9931,972,53,116,290000.0,4.817391304347826,115,0,0,1,19,95,KAB. TANGERANG,shopee
6400964030,132868091,BAJ JAM TANGAN RUBBER S-SPORT S-1790 DIGITAL FASHION LED JF038 GROSIR MURAH PRIA WANITA,213693,2669,1787,6050.0,4.3918869533438905,8212,425,237,705,1181,5664,KOTA JAKARTA SELATAN,shopee
1203090315,70105171,COD  Jam tangan Pria GSHOCK CASIO ANTI AIR 5600 DIGITAL HITAM,1521,313,16724,30000.0,4.7057972627128075,18004,168,151,661,2862,14162,KOTA JAKARTA UTARA,shopee
171846124,7662138,Jam Tangan Pria Quiksilver Digital Ocean,32651,106,5388,58000.0,4.700771208226221,5841,59,58,222,911,4591,KOTA JAKARTA PUSAT,shopee
20517538913,719837418,Jam Tangan Pria Divigo Analog Sport Strab Rubber Water Resit D-21,36386,288,800,31800.0,4.56715606307776,1839,44,32,95,334,1334,KOTA JAKARTA UTARA,shopee
5557288850,82831559,paket box + paperbag + manual || best seller jam tangan fashion pria D.W polos LS-0349DR kulit D:4cm,6792,100,8294,68000.0,4.717894289959669,4712,55,28,187,655,3787,KOTA JAKARTA TIMUR,shopee
19785444791,397731481,FNGEEN 2111 Jam Tangan Pria Anti Air Original Asli Bisnis Fashion Mewah Stainless Steel Quartz Dewasa Jam Tangan Cowok+Kotak Hadiah,647,139,89,118000.0,4.771084337349397,83,0,1,2,12,68,KOTA JAKARTA UTARA,shopee
2324844706,18647936,Jam Tangan Pria Premium ORLANDO 02 TWO TONE Korea Fashion Men Analog HIGH QUALITY watch,535,204,1510,32950.0,4.455738620497068,3587,136,69,293,633,2456,KOTA JAKARTA BARAT,shopee
5742787674,184247365,MAKASSAR [COD] FREE BOX & BATRAI CADANGAN JAM TANGAN CASIO PRIA & WANITA,14,59,283,26953.0,4.642477876106195,567,8,12,25,87,435,KOTA MAKASSAR,shopee
23013383154,90309109,✅COD [BBS] Jam Tangan Digital Electronic Sport Wacth Pria / Jam Tangan Pria Sport Digital Fashion,25,175,68,19305.0,4.182170542635659,258,22,10,28,37,161,KOTA JAKARTA BARAT,shopee
19081016118,125401174,SKMEI 2091 Jam Tangan Pria Wanita Digital Analog Sport Watch Shockproof Anti Air 5 Bar WATCHKITE WKOS,925,456,1125,125000.0,4.7475,800,13,8,19,88,672,KOTA JAKARTA BARAT,shopee
11302119283,84171914,Jam Tangan Unisex Casio General MQ-24-1E Classic Black Dial Black Resin Band,133,113,1470,148850.0,4.842332613390929,463,2,5,5,40,411,KOTA SURABAYA,shopee
4267116497,323439521,Jam Tangan Pria Casio AE 1200 Tahan Air,40095,165,1832,56000.0,4.540822235089751,1728,45,35,101,310,1237,KOTA JAKARTA SELATAN,shopee
6010247879,134264937,Jam Tangan Pria Casio Gshock GLS-5600 New Full Black DW5600,293,785,380,14800.0,4.554179566563468,1615,46,34,86,262,1187,KOTA JAKARTA UTARA,shopee
25519227,3118593,SKMEI 1206 Jam Tangan Pria Digital Dual Time Anti Air WK-SBY,127,127,3674,79000.0,4.790088826554465,4279,7,9,122,599,3542,KOTA SURABAYA,shopee
5082720436,177154143,PASTI READY FREE BOX CASIO G-SHOCK GWG1000 Anti Air Rubber Jam Tangan Pria Murah KEREN ABIS,5571,292,764,59120.0,4.7155844155844155,3082,26,24,119,462,2451,KOTA JAKARTA BARAT,shopee
22371312096,125401174,SKMEI 1816 Jam Tangan Pria Wanita Digital Analog Watch Tali Stainless Rantai Anti Air 3 Bar WATCHKITE WKOS,55,466,1325,173250.0,4.8125,720,6,5,10,76,623,KOTA JAKARTA BARAT,shopee
18050619280,719837418,Jam Tangan Digital Pria DV-8386 Water Resistant 3ATM,32676,380,4104,62000.0,4.61717791411043,3260,56,51,161,549,2443,KOTA JAKARTA UTARA,shopee
20950848111,816547031,jam tangan casual pria trendy  jam tangan pria model terbaru,1357,60,21,38500.0,4.743589743589744,39,0,0,2,6,31,KOTA JAKARTA SELATAN,shopee
21649102501,68698945,Jam Tangan Pria Digital SKMEI 1998 Digital Anti Air Sport,982,598,3494,72450.0,4.822359843546284,3069,14,18,43,349,2645,KOTA JAKARTA PUSAT,shopee
9211566456,3720074,WBS JAM TANGAN PRIA WANITA DIGITAL RUBBER SPORT BULAT LED MOTIF BUNGA DAN POLOS COUPLE ANAK REMAJA DAN DEWASA GROSIR MURAH JF063,596446,3752,19841,10400.0,4.638982296508753,40458,1014,541,1832,5287,31784,KOTA JAKARTA SELATAN,shopee
19593216047,931263599,New Jam Tangan Pria Skymax 2209 Original Model Segi Digital Tahan Air,617,33,44,75700.0,4.7894736842105265,19,0,0,1,2,16,KOTA JAKARTA PUSAT,shopee
23640100021,859391157,HANNAH MARTIN Jam Tangan Pria 100% Original Keren Sangat tipis Quartz COWOK Couple Kulit Anti Air COD Laki Arloji Men Watch murah CH03,19,101,420,96000.0,4.882956878850103,487,0,0,6,45,436,KAB. TANGERANG,shopee
17988552197,853697785,100% Original Jam Tangan Pria Anti Air analog Men Watches Waterproof Stainless Steel Fashion Luminous,30,35,491,79900.0,4.822888283378747,367,3,3,5,34,322,KOTA JAKARTA BARAT,shopee
20094068552,116108602,(BISA COD) JAM TANGAN PRIA SWISS KULIT LEATHER PAKET FULL SET FREE 1 TALI KARET CHRONO VARIASI FREE BOX ANALOG QUARTZ TAHAN AIR,29860,185,52,45000.0,4.627906976744186,86,1,2,4,14,65,KOTA JAKARTA UTARA,shopee
234883605,3118593,SKMEI 1251 Jam Tangan Pria Digital Dual Time Anti Air WK-SBY,379,138,6483,76000.0,4.816874930885768,9064,20,27,172,1166,7679,KOTA SURABAYA,shopee
121879461,3720074,WBS PROMO ANTI AIR RUBBER JAM TANGAN PRIA SPORT CASIO G SHOCK GSHOCK DUAL TIME GWG 1000 LIST PUTIH GK002,37845,147,14685,45800.0,4.6836579812800405,15817,238,155,599,2387,12438,KOTA JAKARTA SELATAN,shopee
14364053646,292295129,JAM TANGAN PRIA TRENDY RANTAI LONGT1M3,60255,344,1133,39999.0,4.601934523809524,2690,37,38,162,490,1963,KOTA JAKARTA BARAT,shopee
17195371896,141431690,JAM TANGAN PRIA ALEXANDER CRISTIE AC6141 JAM TANGAN PRIA AC 6141 MURAH MERIAH GARANSI RESMI TERBARU,497087,1526,620,112500.0,1.5342771982116243,1342,1129,31,11,20,151,KOTA JAKARTA BARAT,shopee
18891431709,907786808,OLEVS Jam Tangan Pria Anti Air Original Terbaru 2023 Mewah Rantai Stainless Steel Anti Karat Luxury Multifungsi Bercahaya Kalender Quartz Watch Men 1106,71,96,183,290000.0,4.938775510204081,98,0,0,0,6,92,KAB. TANGERANG,shopee
14329459908,808197,TERLARIS !!! Jam tangan pria G Shock GST-8600 Pala besi metal digital dual time sporty oudoor anti air,11781,168,134,51300.0,4.721014492753623,276,4,3,6,40,223,KOTA JAKARTA BARAT,shopee
3107758440,181808637,Jam tangan Casio Gshock GWG-1000 Gravity / Casio Gshock,19457,124,2769,57000.0,4.746562616127833,5386,59,42,159,698,4428,KOTA JAKARTA UTARA,shopee
23253746422,295210565,PSB - Jam Tangan Pria Wanita Digital Rubber Bulat LED Anti Air,34,160,45,17900.0,4.475409836065574,183,8,1,13,35,126,KOTA BANJARBARU,shopee
9138786500,196847617,Jam tangan original SKYMAX bisa bayar ditempat (COD),1053,232,1402,68000.0,4.735294117647059,2415,20,11,86,357,1941,KOTA JAKARTA PUSAT,shopee
16935373361,93574552,[DGS] Jam Tangan Digital Wanita / Pria Jam LED Watch M150 Rubber,208592,271,2656,10800.0,4.155217831813577,4942,370,222,568,902,2880,KOTA JAKARTA UTARA,shopee
18870614352,133765207,(Cod)Jam Tangan Pria Fashion Alba ll Strap Rantai/Stell(Dikirim Jakarta),8654,132,60,18500.0,4.415704387990762,433,16,10,38,83,286,KOTA JAKARTA BARAT,shopee
21181503927,408306247,(Grosir Cod)Jam Tangan Pria Quicksilver QS009 Tanggal Aktif Strap Kulit(Dikirim Jakarta),20229,174,266,25500.0,4.5945273631840795,402,8,10,19,63,302,KOTA JAKARTA BARAT,shopee
10874776210,262467617,Best Seller! Jam Tangan Pria / Cowok Sporty Fashion 9988Ls Chrono Variasi Free Gelang & Box - COD,4821,266,1397,54500.0,4.4081255771006465,2167,62,65,188,466,1386,KOTA JAKARTA UTARA,shopee
12332568402,149560803,New Model Jam Tangan Pria Quicksilver strap rubber Digital Water resist,47051,130,3727,26900.0,4.522628072593614,4355,163,79,262,671,3180,KOTA JAKARTA UTARA,shopee
19094591731,22767516,✅COD JAM TANGAN PRIA SPORTY KULIT ADA TANGGAL DAN HARI KEREN COWOK TERBARU 2023,59,248,40,34999.0,4.833333333333333,126,2,0,1,11,112,KOTA JAKARTA PUSAT,shopee
2110537671,125401174,SKMEI 1269 Jam Tangan Wanita Pria Digital Anti Air WATCHKITE WKOS,621,235,3414,72675.0,4.833556821991284,6018,22,27,101,622,5246,KOTA JAKARTA BARAT,shopee
13867301349,604015003,Aokeyo S230 Jam Tangan Pria Anti Air ORI Luxury Bisnis Quartz Watch（Free BOX+Kartu）,53,512,3452,76999.0,4.6901248581157775,3524,45,43,149,485,2802,KAB. TANGERANG,shopee
16821075308,451021432,[SW] Jam Tangan Pria Dw Set Strap Kulit Free Box + Paper bag High Quality,50983,427,192,33000.0,4.611253196930947,391,7,7,22,59,296,KOTA JAKARTA UTARA,shopee
12915331130,14135595,jam tangan pria paket swiss infinity kulit Free tali kanvas ruber,1239,142,5152,130000.0,4.708889612504071,3072,38,41,104,414,2475,KOTA JAKARTA PUSAT,shopee
21637206462,80451242,PhiLipe Ricci Jam Tangan Pria Terbaru  Tali Kanvas Analog KNVS2 Free Box,1552,189,1494,59000.0,4.838781575037147,1346,4,5,16,154,1167,KOTA MALANG,shopee
12532538790,511948750,JAM TANGAN RUBBER S-SPORT DIGITAL FASHION PRIA WANITA JAM ANAK,593,182,166,9900.0,4.315585672797677,1033,56,32,99,189,657,KOTA MEDAN,shopee
5693267372,28824240,Jam Tangan Pria Digital Tali Rubber Anti Air/Jam Tangan Pria Digital Strap Rubber  Water Resistant,7843,1146,5650,35200.0,4.621442125237191,15822,322,202,796,2543,11959,KOTA TANGERANG,shopee
17543589651,80451242,PhiLipe Ricci Jam Tangan Pria Karet Analog Terbaru L6558 Free Box,478,142,2907,54000.0,4.853938185443669,2006,8,3,25,202,1768,KOTA MALANG,shopee
696223989,27873241,Jam Tangan Pria GShock GWG 1000 G-Shock Rubber Best Casio,1792955,60,382,50500.0,4.703134996801023,1571,11,18,64,241,1237,KOTA JAKARTA PUSAT,shopee
13665804167,808197,PRODUK TERLARIS !!! Jam tangan pria G Shock GA-2000 Hijau hitam cream army digital dual time anti air sporty,10567,363,856,58000.0,4.601141407736208,1578,38,38,58,250,1194,KOTA JAKARTA BARAT,shopee
21024770275,268982005,Jam tangan pria SUPER MEWAH MIRETE Anti air || JAM tangan pria mirete original CRONO off || JAM tangan pria stainliss tanggal aktif || JAM tangan pria Analog ||murah | Terlaris || elegan Free box,56733,28,117,99900.0,4.711864406779661,177,1,3,6,26,141,KOTA PEKANBARU,shopee
14497919687,1048214734,Jam tangan Y68 Jam tangan digital Jam tangan pria Jam tangan pintar digital wanita Jam tangan pintar Bluetooth WATCHKITE WKOS,17961,291,340,30500.0,4.849529780564263,319,3,4,8,8,296,KOTA JAKARTA BARAT,shopee
16039394873,397731481,OLEVS 6898 Jam Tangan Pria Anti Air Original Asli Elegan Mewah Tali Kulit Dewasa Jam Tangan Cowok+Kotak Hadiah,305,44,823,139000.0,4.790030211480363,662,7,4,12,75,564,KOTA JAKARTA UTARA,shopee
18517542332,719837418,Jam Tangan Pria Divigo Analog Sport Strab Rubber Water Resist Kode W-75,15852,104,303,31800.0,4.482374768089054,539,15,10,37,115,362,KOTA JAKARTA UTARA,shopee
8297883836,163011026,"Jam tangan Pria Rantai luxury SHARMS, Jam Tangan Pria Terbaru, Jam Tangan Pria Terlaris 2023",346,104,125,49900.0,4.521091811414392,403,10,13,24,66,290,KOTA TANGERANG SELATAN,shopee
519354526,36015508,Roodolph Watch - Erudite Black Brown 40mm | Jam Tangan Pria | Jam Tangan Analog,7,115,6912,275000.0,4.868894601542417,1946,3,5,23,186,1729,KOTA BANDUNG,shopee
15311847818,52922719,Jam Tangan Pria Digital Strab Rubber QuikSilver Tahan Air QS-333,31148,168,514,34900.0,4.519413287316652,1160,50,21,62,174,853,KOTA JAKARTA UTARA,shopee
22545401883,838476852,JAM TANGAN G-SHOCK GWG1000 Anti Air Rubber Jam Tangan Pria Murah KEREN ABIS,28532,153,63,51000.0,4.588571428571429,175,2,6,8,30,129,KOTA JAKARTA PUSAT,shopee
18449240074,769712982,VAVAVOOM 2461 Jam Tangan Pria Original Luxury Rantai Tahan Air Stainless Steel Analog Quartz Watch + Kotak Gratis,51,648,3028,96000.0,4.814052519517388,2818,5,3,40,415,2355,KAB. TANGERANG,shopee
6943856667,182562379,FNGEEN S001 Jam Tangan Pria Luxury Stainless Steel Quartz Original Tahan Air Watch + Kotak Gratis,119,744,24125,72900.0,4.814379304552326,17892,36,25,345,2409,15077,KOTA JAKARTA UTARA,shopee
17568023247,134264937,Jam Tangan Pria G-SHOCK Monster GX56 Kingkong Full Black,299,247,340,25400.0,4.5811688311688314,925,18,15,56,162,674,KOTA JAKARTA UTARA,shopee
21217551694,719837418,Jam Tangan Pria / DIVIGO DV-2101 Man / Jam Tangan Digital LED Original Water Resistant 3ATM,23115,229,3013,54000.0,4.7339948783610755,3124,20,23,98,486,2497,KOTA JAKARTA UTARA,shopee
23084409380,22767516,✅COD JAM TANGAN DIGITAL PRIA KEREN RUBBER TERBARU KEKINIAN COWOK TALI KARET,26,103,49,34799.0,4.910714285714286,56,0,0,0,5,51,KOTA JAKARTA PUSAT,shopee
23941360656,226078218,Casio General A168WA-1WDF A168WA1WDF A168WA A168WA 1WDF,467,86,647,357760.0,4.890052356020942,191,1,0,2,13,175,KOTA BANDUNG,shopee
20716687514,68698945,Jam Tangan Pria Digital SKMEI 1960 Rubber Original SKMEI,423,266,1941,79000.0,4.765827338129497,2780,15,25,69,378,2293,KOTA JAKARTA PUSAT,shopee
18336338967,844947428,BERKAT- Jam Tangan Digital Sport Fashion Pria Wanita Rubber Murah,1891,98,21,10499.0,4.137755102040816,196,14,11,20,40,111,KOTA MEDAN,shopee
23986660886,939080076,"JAM TANGAN PRIA ALEXANDRE
CHRISTIE AC 6376 ORI!! MURAH MERIAH",29944,47,13,165000.0,4.351351351351352,37,6,0,0,0,31,KOTA JAKARTA UTARA,shopee
9999564727,15372670,Jam Tangan Pria/wanita Q&Q VQ66 Tahan Air,42949,325,1292,19000.0,4.469387755102041,2066,83,43,123,385,1432,KOTA JAKARTA UTARA,shopee
18814408169,769712982,HANNAH MARTIN Jam Tangan Pria 100% Original Business Analog Tanggal Stainless Steel 1756,98,175,1598,159000.0,4.891576313594662,1199,0,1,6,115,1077,KAB. TANGERANG,shopee
7002871918,28824240,Jam Tangan SHSHD RANTAI - Jam Tangan Strap Stainless Steel/Jam Tangan Pria Terbaru/Fashion Pria,27917,2848,14316,12990.0,4.502294462440228,51994,1709,1099,3880,8031,37275,KOTA TANGERANG,shopee
8714625477,384234165,Aokeyo 4006  COD Jam Tangan Pria Anti Air ORI Jam Tangan Pria Anti Air Original Luxury Stainless Steel Free BOX Kartu,7879,135,2449,79999.0,4.698878804057662,5621,63,45,220,871,4422,KOTA SURABAYA,shopee
1897689047,125401174,SKMEI 1251 Jam Tangan Pria Digital Tali Rubber Anti Air WATCHKITE WKOS,1039,131,14815,75525.0,4.804679125693247,21484,99,94,449,2645,18197,KOTA JAKARTA BARAT,shopee
19460929901,368478924,Jam Tangan Orlando Pria Elegan Original Anti air Strap Rantai Orii Korea Fashion Mens Analog Watch Orlando Premium Quality,5226,311,881,44999.0,4.470333477695973,2309,61,64,184,419,1581,KOTA JAKARTA UTARA,shopee
8969151313,242393000,OLEVS Jam Tangan Pria Anti Air Original Stainless Steel Chrono Aktif Men Watch Analog,1229,593,8210,245000.0,4.8431674362921155,5847,24,10,66,659,5088,KAB. TANGERANG,shopee
17381256669,792359258,Jam Tangan Pria Anti Air Original Luxury Bisnis Quartz Stainless Steel Watch (Kotak Gratis) #001,48,198,218,36999.0,4.2920065252854815,613,27,16,70,138,362,KAB. BEKASI,shopee
16584538202,448294813,WATER RESIST G-Shock GWG 1000 Gshock Digital Double Time Rubber Jam Tangan Pria,23477,92,157,44000.0,4.663883089770355,479,10,7,13,74,375,KOTA SURAKARTA (SOLO),shopee
3858774811,324551825,[✅COD] Jam Tangan Digital Led Sport Watch Fashion Wanita Pria Cewek Cowok Anti Air Murah Couple Original,11717,60,417,9500.0,4.496615384615384,1625,36,33,137,301,1118,KAB. KLATEN,shopee
14524358806,448298453,Jam Tangan Olahraga Pria GSHOCK Tahan Air Merah Hitam Emas,6719,31,86,173000.0,4.838709677419355,93,0,0,2,11,80,KOTA SURAKARTA (SOLO),shopee
7303582397,61224262,JAM TANGAN PRIA KARET BENETTON/KARET TIPIS,395,177,1367,31000.0,4.759524987629886,2022,14,15,60,268,1665,KOTA JAKARTA UTARA,shopee
14415161290,100320088,jam tangan pria skymax2026 model terbaru anti air,1654,49,524,69000.0,4.788561525129983,578,5,3,8,80,482,KOTA JAKARTA PUSAT,shopee
1934023383,125401174,SKMEI 1335 Jam Tangan Pria Wanita Digital Tali Stainless Chronograph Anti Air WATCHKITE WKOS,784,335,4680,91200.0,4.7670089858793325,4676,34,21,139,620,3862,KOTA JAKARTA BARAT,shopee
12886004836,59088701,JAM TANGN PRIA LONG T1ME TERRLARIS FREE BATREE CADANGN,3996,50,322,38999.0,4.530135301353013,813,19,12,58,154,570,KOTA JAKARTA BARAT,shopee
7161982970,132849854,Jam Tangan Pria / Skmei 1260,398,239,153,63000.0,4.54,400,10,5,26,77,282,KOTA JAKARTA UTARA,shopee
18544221015,668053670,JAM TANGAN COWOK DEWASA ANTI AIR ORII JAM TANGAN PRIA KEREN BUAT GAYA PERSONALIZED FASHION PRIA BARU BISNIS SKALA ROMAWI KALENDER MESH SABUK JAM TANGAN PRIA ANTI AIR TERBARU JAM TANGAN PRIA ANTI AIR ORII,39869,663,1041,45500.0,3.9040972534894194,2221,272,139,250,429,1131,KAB. TANGERANG,shopee
20354606948,80451242,PhiLipe Ricci Jam Tangan Pria Karet Terbaru Quartz Analog L6557 Free Box,557,170,1663,54000.0,4.838418079096045,885,4,4,6,103,768,KOTA MALANG,shopee
12508483259,100668469,jam tangan pria analog digital free box dan batre cadangan || kado hampers ulang tahun cowok termurah,841,132,2140,43000.0,4.392373583862946,3623,112,106,357,733,2315,KOTA SURAKARTA (SOLO),shopee
20276344472,970115557,【BISA COD &Cuci Gudang 】Jam Tangan Anti Air  Anti Gores Jam Tangan Pria Stainless Steel QW01 Tahan Banting Tahan Air Olahraga Kasual Fashion,4,226,407,57900.0,4.76517571884984,626,2,2,17,99,506,KOTA JAKARTA BARAT,shopee
14601834990,31718671,NEW Product//Jam Tangan Pria QS DRONE Bulat Strap rubber Digital,1499,346,2073,23500.0,4.605888612983327,2819,57,43,154,446,2119,KOTA JAKARTA UTARA,shopee
23988098132,91442354,BIDEN Jam Tangan Pria Anti Air Original Kalender Bisnis Kasual Tali Stainless Steel Jam Tangan Cowok,455,1,21,135000.0,5.0,1,0,0,0,0,1,KOTA JAKARTA UTARA,shopee
18778982056,859391157,HANNAH MARTIN Jam Tangan Pria 100% Original Keren Sangat tipis Quartz COWOK Couple Kulit Anti Air Men Watch COD Laki Arloji Men Watch murah CH03+,5285,332,901,99000.0,4.8310344827586205,580,4,1,7,65,503,KAB. TANGERANG,shopee
11059181395,439107271,EN LIGNE - Jam Tangan Pria Set - Jam Tangan Gift - Jam Tangan Kado - Jam Tangan Dompet Set - Kado Ultah - Hampers,2008,488,46600,40000.0,4.52796670388793,9859,222,167,698,1875,6897,KOTA TANGERANG,shopee
15822527199,52922719,Jam Tangan Pria Rolex Naga Dragon Rantai Staintless Tanggal Akitf,9095,53,180,58000.0,4.397058823529412,408,22,13,30,59,284,KOTA JAKARTA UTARA,shopee
23161139516,140757467,Jam Tangan Pria Anti Air BEELEDA 9532 Automatic Tali Rubber Jam Tangan Sport Anti Air Garansi Resmi,10,246,130,330000.0,4.911764705882353,136,0,0,2,8,126,KOTA JAKARTA TIMUR,shopee
23655211442,295210565,PSB - Jam Tangan Pria Wanita LED Jam Tangan Digital Tahan Air Jam Tangan Caple,28,54,19,17900.0,4.622950819672131,61,1,0,4,11,45,KOTA BANJARBARU,shopee
20148639907,831568960,VAVA VOOM 2411 Jam Tangan Pria Original Luxury Stainless Steel Anti Air（Free BOX+Baterai cadangan）,5,147,578,86000.0,4.8089668615984404,513,3,1,11,61,437,KAB. TANGERANG,shopee
23956946432,1087395791,SKMEI 1389 Jam Tangan Pria Digital Analog Tali Stenlis Jam tangan Waterproof,96,172,41,137000.0,4.893203883495145,103,0,1,2,4,96,KOTA JAKARTA UTARA,shopee
20376348657,970115557,【COD】Jam Tangan Pria Mewah Business Kasual QW02 Tahan Air Stainless Steel,748,700,2704,59999.0,4.673668417104276,1333,23,15,47,204,1044,KOTA JAKARTA BARAT,shopee
18714408305,769712982,HANNAH MARTIN Jam Tangan Pria Sangat tipis 100% Original korea fashion Cowok anti air Quartz Arloji Simple Men Watch 100G,316,127,3822,198000.0,4.895958083832335,1336,1,1,5,122,1207,KAB. TANGERANG,shopee
3997084461,183931780,NEW !!! JAM TANGAN PRIA GSHOCK CASIO DW 5600 2WARNA TIMBAL BALIK,3330,601,2734,57000.0,4.70558798999166,2404,29,28,91,327,1929,KOTA JAKARTA BARAT,shopee
19972666545,946587292,Sunlifex Jam Tangan Pria Klasik Anti Air Kuarsa Pria Tali Kulit Kalender Jam Tangan Cowok 7003,11335,86,95,52000.0,4.698795180722891,249,2,5,7,38,197,KOTA JAKARTA UTARA,shopee
22683612907,125401174,SKMEI 2126 Jam Tangan Pria Digital Sport Anti Air 5 Bar WATCHKITE WKOS,445,105,193,89900.0,4.858585858585859,99,0,1,0,11,87,KOTA JAKARTA BARAT,shopee
16486566462,52922719,Jam Tangan Digital Pria DV-8386 Water Resistant 3ATM High Quality,45417,165,500,57000.0,4.548104956268221,686,16,12,38,134,486,KOTA JAKARTA UTARA,shopee
9470122675,67736377,✅COD Jam Tangan Pria Geneva Econom Stainless,645,67,850,48000.0,4.313394018205462,1540,70,49,166,303,952,KOTA JAKARTA BARAT,shopee
9429310794,177154143,TERLARIS JAM TANGAN PRIA G-SHOCK CASIO GG-1000 ANTI AIR RUBBER,2231,479,1274,65000.0,4.770043505282785,3218,18,23,81,437,2659,KOTA JAKARTA BARAT,shopee
7373341586,91442354,BIDEN Jam Tangan Pria Olahraga Kuarsa Otomatis Date Tali Stainless Steel Kasual Pria Jam Tangan Cowok Anti Air Original,6856,319,12150,110000.0,4.838379504780583,16319,82,52,206,1751,14228,KOTA JAKARTA UTARA,shopee
16812595999,668101872,JAM TANGAN PRIA DEWASA ANTI AIR JAM TANGAN PRIA PRIA STRAP STAINLESS STEEL KALENDER MODEL KASUAL COWOK MILENIAL JAM TANGAN PRIA DEWASA ANTI AIR JAM TANGAN PRIA MEWAH JAM TANGAN PRIA KEREN BUAT GAYA JAM TANGAN PRIA ANTI AIR TERBARU JAM TANGAN PRIA DEWASA,18725,259,936,46000.0,4.206732528357117,2733,208,106,249,520,1650,KAB. TANGERANG,shopee
4755599903,80451242,PhiLipe Ricci Jam Tangan Pria Rantai Besi Analog PR07 Free Box,582,136,3167,59000.0,4.784918276374443,2692,10,10,71,367,2234,KOTA MALANG,shopee
20357988126,853697785,Rainbow Jam Tangan Pria Anti Air Original jam stainless pria analog Luxury Stainless Steel（Free BOX+Kartu Garansi）,40,40,460,81800.0,4.745810055865922,359,3,4,23,21,308,KOTA JAKARTA BARAT,shopee
841680292,52157023,COD !!!!   Jam Tangan G-SHOCK CASIO GWG 1000 Jam Tangan Tali Rubber Bisa Bayar Di Tempat Best Seller Jam Cowok Best Seller jam tangan pria gwg hitam list gold ready,5520,204,3230,52000.0,4.74993531694696,7732,68,62,240,1002,6360,KOTA JAKARTA UTARA,shopee
16791182861,808197,G Shock GBX-100 Jam tangan digital pria & anak anak anti air LED Sporty smartwatch alarm stopwatch,8705,174,528,54500.0,4.531531531531532,555,24,1,38,85,407,KOTA JAKARTA BARAT,shopee
15529486757,808197,TERMURAH !!! G Shock GW-9400 RAnge-man Hijau Cream Hitam army jam tangan digital pria & anak anak anti air sporty,9563,163,297,44500.0,4.558201058201059,387,14,3,28,46,296,KOTA JAKARTA BARAT,shopee
1904352161,90309109,✅COD [BBS] Jam Tangan Pria GT Sport Chrono Grand Touring Fashion Quartz Silikon Rubber Analog,622,996,9531,11390.0,4.423181747391372,25714,1120,622,2120,4298,17554,KOTA JAKARTA BARAT,shopee
23820514411,39424913,BISA COD Jam Tangan Sport Digital Pria Casual 1251 Tahan Air,526,121,96,31000.0,4.515580736543909,353,16,7,15,56,259,KOTA JAKARTA UTARA,shopee
2738661178,68698945,Jam Tangan Pria / SKMEI 1509 DATE Soft Band Analog DATE / Jam Tangan Analog Original / SKMEI,224,398,2638,103950.0,4.772748056698674,4378,42,31,105,536,3664,KOTA JAKARTA PUSAT,shopee
22059166965,282517720,Jam tangan pria GASTRO DIGITAL WATER RESISTANCE TAHAN AIR,9545,66,14,23500.0,4.666666666666667,24,1,0,0,4,19,KOTA JAKARTA PUSAT,shopee
10149925416,220096178,VaVa Voom 2311 Jam Tangan Pria Luxury Kulit Stainless Steel Quartz Original Tahan Air Watch + Kotak Gratis,73,46,318,79900.0,4.733333333333333,585,5,3,16,95,466,KAB. TANGERANG,shopee
5161410086,52157023,BEST SELLER !!! G-SHOCK CASIO GA 2100 WATER RESIST SUPER / JAM TANGAN PRIA ANTI AIR / JAM TANGAN TERLARIS FULL HITAM HIJAU,2808,121,4668,55000.0,4.535493190260008,4846,112,92,311,905,3426,KOTA JAKARTA UTARA,shopee
9417701121,368478924,Jam Tangan Kulit MILENIAL Tanggal kalender Casual Korea Fashion Watch Arloji Pria JT18B,4976,712,9875,40999.0,4.482714794102694,15752,419,336,1232,3044,10721,KOTA JAKARTA UTARA,shopee
23060209111,1083876574,(COD) Jam Tangan Sport  Quartz dengan Desain Silikon Rubber - Cocok untuk Pria dan Wanita yang Mengikuti Tren Mode.,34875,87,98,16000.0,4.923076923076923,26,0,0,0,2,24,KOTA JAKARTA UTARA,shopee
18384463856,22767516,✅COD JAM TANGAN PRIA TALI KULIT TANGGAL AKTIV  KEREN MURAH KEKINIAN TERBARU MEWAH 2023,49,67,70,25499.0,4.791666666666667,48,0,0,0,10,38,KOTA JAKARTA PUSAT,shopee
23057404668,397731481,FNGEEN A001 Jam Tangan Pria Otomatis Anti Air Original Asli Elegan Mewah Stainless Steel Mekanis Dewasa Jam Tangan Cowok+Kotak Hadiah,193,15,43,215000.0,4.96,25,0,0,0,1,24,KOTA JAKARTA UTARA,shopee
18260848438,112096377,Gozeal | Digital watches | Alexi,295,96,1806,299000.0,4.888077858880779,411,1,1,3,33,373,KOTA SERANG,shopee
23167628840,111839824,WBS JAM TANGAN WANITA / PRIA DIGITAL RUBBER BULAT LYLY LED WATCH  GROSIR ORIGINAL M150 HIGH QUALITY JF088,1496,148,116,15986.0,4.57177033492823,418,11,7,17,80,303,KAB. KEDIRI,shopee
2080180031,137594685,Jam Tangan Pria Sporty Casio Gshock GLS5600 Black,31755,178,2562,16900.0,4.493453625261305,9093,356,178,592,1477,6490,KOTA JAKARTA UTARA,shopee
8262690585,424502872,Jam Tangan Pria VAVA VOOM 100% Original Kronograf JAM TANGAN COWOK Quartz MurshArloji laki Gift COWO,1509,73,600,89900.0,4.70995670995671,924,11,7,26,151,729,KAB. TANGERANG,shopee
12961147520,360960729,(Best Seller) JAM tangan pria  rantai stell Free batre cadangan tahan air bayar di tempat,7350,29,96,48000.0,4.178117048346056,393,26,13,50,80,224,KOTA PEKANBARU,shopee
23041668155,312792857,JAM TANGAN KARET WANITA PRIA RUBBER DIGITAL LED WATCH MURAH BERKUALITAS MESIN JAPAN !,39,324,26,8910.0,4.0785340314136125,191,18,11,17,37,108,KOTA MEDAN,shopee
14501825821,31718671,COD Jam Tangan Pria / Wanita Seiko Polos Tebal Murah,12002,197,132,18000.0,4.1246290801186944,337,29,17,35,58,198,KOTA JAKARTA UTARA,shopee
7782229568,309403893,"BEST SELLER !!! Jam Tangan Pria Rolex Submariner R4702 Hp Tanggal Aktif Tali Rantai Free Box Original , Kartu & Baterai",10142,116,1808,75999.0,4.661163522012578,1273,21,11,68,181,992,KOTA JAKARTA UTARA,shopee
19884271489,604015003,AOKEYO S079 Jam Tangan Pria Luxury Stainless Steel Analog Quartz Original Tahan Air Watch + Kotak Gratis,20,86,66,78999.0,4.8125,96,0,1,0,15,80,KAB. TANGERANG,shopee
17583788537,468327325,Jam Tangan Pria Kulit MILENIAL Tanggal kalender Casual Korea Fashion Watch Arloji,286,49,110,28900.0,4.491891891891892,185,6,7,9,31,132,KAB. TANGERANG,shopee
7948504377,181808637,JAM TANGAN PRIA QUICK SILVER DIGITAL - JAM TANGAN PRIA SUPER SPORTY - BAHAN RUBBER,16166,183,773,47000.0,4.552995391705069,1953,37,46,106,375,1389,KOTA JAKARTA UTARA,shopee
19885299141,906208158,OLEVS Jam Tangan Pria Anti Air Original Multifungsi Luminous Kalender Tali Stainless Steel Cowok Analog Fashion Bisnis Men Watch Model 2892,29,20,24,232750.0,4.9,10,0,0,0,1,9,KAB. TANGERANG,shopee
2294535441,39424913,COD ( Bayar tujuan ) Jam Tangan Pria Sport Anti Air Viral Digital V Series,59754,85,448,32000.0,4.602649006622516,755,19,9,35,127,565,KOTA JAKARTA UTARA,shopee
14390379845,579576391,COD✅ Jam Tangan Pria JP-17 BINDBOND Original New 2023 Water Resistance Luxury Mewah Kalender Active,287,213,61,81000.0,4.663793103448276,116,1,2,6,17,90,KOTA TANGERANG SELATAN,shopee
1934490446,125401174,SKMEI 1405 Jam Tangan Pria Digital Solar Anti Air WATCHKITE WKOS,176,106,3087,75525.0,4.847418912745546,4379,9,11,63,477,3819,KOTA JAKARTA BARAT,shopee
22444452949,392974140,SKMEI 1509 Jam Tangan Watch Pria Wanita Analog Tali Rubber,1500,126,51,67500.0,4.4772727272727275,220,7,9,11,38,155,KOTA JAKARTA UTARA,shopee
14932558862,604015003,AOKEYO 216 Jam Tangan Pria Kulit Original Tahan Air Fashion Business Auto Date Analog Jam Tangan Cowok（Free BOX+Kartu Garansi）,60,103,4376,78999.0,4.654432989690721,4850,97,72,176,720,3785,KAB. TANGERANG,shopee
23086773974,1036405594,COD JAM TANGAN COWOK DEWASA ANTI AIR ORII JAM TANGAN PRIA KEREN BUAT GAYA PERSONALIZED FASHION PRIA BARU BISNIS SKALA ROMAWI KALENDER MESH SABUK  JAM TANGAN PRIA ANTI AIR ORII,104922,11,44,46890.0,3.888888888888889,9,2,0,1,0,6,KAB. TANGERANG,shopee
5461829194,19561750,✅ COD KUMA Jam Tangan Pria Sport Korea Quartz GT-100,677,613,1296,11390.0,4.336589336589337,4918,245,159,444,928,3142,KOTA JAKARTA BARAT,shopee
23456880983,91442354,BIDEN Jam Tangan Pria Digital&Analog Anti Air Multifungsi Bercahaya Alarm Jam Tangan Cowok Olahraga,2574,57,103,159999.0,4.872093023255814,86,0,0,1,9,76,KOTA JAKARTA UTARA,shopee
20886382094,939080076,JAM TANGAN PRIA ORIGINAL Jam Tangan Pria Expedition E 6782/E6782 / 6782 Garansi Resmi 1 Tahun.,24930,60,50,176000.0,4.0476190476190474,42,10,0,0,0,32,KOTA JAKARTA UTARA,shopee
21633344214,478184260,OLEVS Jam Tangan Pria Anti Air Original Kulit Tahan Keren Led Hitam Putih Terbaru 2022 Luxury Chronograph Watch Men Multifungsi Cod,1875,473,10698,245000.0,4.82568093385214,5140,18,23,68,619,4412,KAB. TANGERANG,shopee
4101640772,3720074,WBS JAM TANGAN PRIA ROLEX SUBMARINER DATE SPORT TANGGAL MURAH STAINLESS STEEL RX015,36158,133,6423,51000.0,4.424854716137684,11204,559,254,789,1882,7720,KOTA JAKARTA SELATAN,shopee
2825348607,125401174,SKMEI 1301 Jam Tangan Pria Smartwatch Digital Bluetooth Anti Air WATCHKITE WKOS,853,211,18976,156750.0,4.769910495410752,17552,145,82,447,2344,14534,KOTA JAKARTA BARAT,shopee
22822380338,899116632,Sunlifex Jam Tangan Pria 7003 Kalender Kuarsa Santai Bisnis Tali Kulit Jam Tangan Cowok,14405,638,1043,57000.0,4.565587044534413,2479,68,51,114,429,1817,KOTA JAKARTA UTARA,shopee
16985499764,14035801,JAM TANGAN PRIA WANITA ANTI AIR LED DIGITAL WATCH STRAP RUBBER M1200,3029,115,859,13500.0,4.039838628340898,1983,175,118,248,354,1088,KOTA JAKARTA UTARA,shopee
4405295821,84976950,JAM GENEVA PRIA WANITA ANALOG FASHION CASUAL LADY WRIST WATCH JAM TANGAN STAINLESS STEEL LAKI-LAKI ANALOG WATCH,7627,247,884,12850.0,4.530678585940675,2462,77,51,159,379,1796,KOTA JAKARTA BARAT,shopee
21462558974,91442354,BIDEN Jam Tangan Pria Olahraga Militer Anti Air Luminous Analog&Digital Tali Silikon Multifungsi Jam Tangan Cowok Original,3695,209,1763,151000.0,4.829176114890401,1323,4,5,17,161,1136,KOTA JAKARTA UTARA,shopee
23153973151,719837418,Jam tangan Pria Divigo Original DV-7017 Strap Kulit Premium Tanggal Aktif Water Resist,19908,618,412,105000.0,4.729381443298969,388,5,5,8,54,316,KOTA JAKARTA UTARA,shopee
8662508084,80451242,PhiLipe Ricci Jam Tangan Pria Sport Analog Original Tali Karet PNR MC Free Box,695,168,5068,54000.0,4.8150799331901695,4191,13,15,93,492,3578,KOTA MALANG,shopee
6493187718,448298453,[Crazy Promotion]Casio Gshock Jam Tangan Pria GSHOCK GA110 FullSet Paperbag Water Resistant,16483,140,984,173000.0,4.668246445497631,1055,25,9,32,159,830,KOTA SURAKARTA (SOLO),shopee
17684664330,857189072,JAM TANGAN PRIA RANTAI SILVER HITAM,2457,54,54,35000.0,4.580310880829016,193,4,4,9,35,141,KOTA JAKARTA PUSAT,shopee
20780466638,80451242,PhiLipe Ricci Jam Tangan Pria Strap Tali Karet Analog Quartz Model Terbaru Diameter Kotak Kekinian 1001 Square Free Box,1195,228,391,40219.0,4.797752808988764,623,2,5,20,63,533,KOTA MALANG,shopee
4404514437,125401174,SKMEI 1509 Jam Tangan Pria Wanita Analog WATCHKITE WKOS,1299,278,8632,110200.0,4.790185277916875,9995,64,45,238,1255,8393,KOTA JAKARTA BARAT,shopee
10642394181,93071538,JAM TANGAN PRIA SNILLE ORIGINAL N 1011 ANTI AIR KULIT FASHION,9637,135,2984,51920.0,4.813781512605042,2977,11,11,68,348,2539,KOTA DEPOK,shopee
11026745860,17819476,( BISA COD ) JAM TANGAN PRIA F0551L RANTAI 8041,459,165,1035,115000.0,4.756302521008403,1547,13,9,47,204,1274,KOTA JAKARTA UTARA,shopee
2040234975,132849854,Ready Casio Murah Anti Air Jam Tangan Pria / Wanita CS596,300,44,97,13490.0,4.484567901234568,324,8,8,32,47,229,KOTA JAKARTA UTARA,shopee
19154837703,816547031,COD terbaru jam tangan mewah pria-jam tangan stainles stell-jam tangan kuarsa pria,73,86,52,36270.0,4.528688524590164,244,7,6,9,51,171,KOTA JAKARTA SELATAN,shopee
12014853622,61445754,SANDA 6016 Jam Tangan Pria Wanita Digital Sport EL Backlight Tali Rubber Anti Air CURRENOS,1449,445,14263,125900.0,4.779739336492891,8440,70,46,192,1057,7075,KOTA JAKARTA BARAT,shopee
23370531936,646806595,GT-100 Jam Tangan Pria Sport Korea Quartz,3852,267,47,11000.0,4.3707317073170735,410,22,17,26,67,278,KOTA JAKARTA UTARA,shopee
22851328282,831568960,HANNAH MARTIN Jam Tangan Pria 100% Original Business Rantai Tanggal Analog Stainless Steel 17551,1628,255,354,139000.0,4.803030303030303,264,2,1,5,31,225,KAB. TANGERANG,shopee
20761891663,68698945,Jam Tangan Pria Analog SKMEI 2011 Water resist Original,978,202,836,80000.0,4.751420454545454,704,5,5,25,90,579,KOTA JAKARTA PUSAT,shopee
20590054108,80451242,PhiLipe Ricci Jam Tangan Pria Analog Strap Rantai Besi Stainless Steel Gaya Kasual 5040B Model Klasik Free Box,132,185,351,56742.0,4.749206349206349,315,1,1,11,50,252,KOTA MALANG,shopee
4538316849,137594685,Jam Tangan Pria Kasual Sport Digital QQ AE Segi Strap Rantai Steel,11152,112,1136,18500.0,4.362367223065251,3296,146,107,283,633,2127,KOTA JAKARTA UTARA,shopee
18684170289,1048899727,Jam Tangan Pria Tahan Air Jam Tangan Naga Emas Timbul Jam Tangan Pria Tahan Air Tali Baja Emas Bercahaya Jam Tangan Naga Kuarsa Berlian Ruby Non-mekanis,19762,97,61,59660.0,4.014285714285714,70,10,1,7,12,40,KAB. TANGERANG,shopee
16911030404,668101872,JAM TANGAN PRIA ANTI AIR ORII KALENDER OTOMATIS BERCAHAYA FASHION KEPRIBADIAN MEKANIK JAM TANGAN PRIA KULIT JAM TANGAN KASUAL BISNIS JAM TANGAN PRIA KEREN BUAT GAYA JAM TANGAN PRIA ORI JAM TANGAN PRIA MEWAH,5878,198,1154,58900.0,4.3975240715268225,1459,84,46,80,242,1007,KAB. TANGERANG,shopee
12161319963,268982005,waterresistant jam tangan pria tali kulit mirete original Free batrai cadangan bayar di tempat Termurah tersimple,34410,133,690,43000.0,4.4021937842778796,549,17,19,49,104,360,KOTA PEKANBARU,shopee
25151904626,380025650,(COD) JAM TANGAN RANTAI PRIA SPORTY TERLARIS KEREN COWO TERBARU,334,189,22,33250.0,4.829787234042553,47,0,0,1,6,40,KOTA JAKARTA PUSAT,shopee
15895681583,885654621,Jam tangan Pria Fashion,2226,143,177,19500.0,4.392727272727273,550,22,14,46,112,356,KOTA JAKARTA BARAT,shopee
20784208406,344833909,Jam Tangan Fashionebel LED putih pria wanita,3450,35,12,13999.0,4.45,20,0,2,0,5,13,KAB. NGANJUK,shopee
8573022041,478498525,jam tangan Pria stainless terbaru,5789,120,84,33500.0,4.53125,288,6,8,16,55,203,KOTA JAKARTA PUSAT,shopee
14705214332,439107271,Jam Tangan Pria Gelang Set - Jam Tangan Kado - Jam Tangan Pria Kasual - Jam Tangan Pria Anti Air EL9090,967,98,7240,45700.0,4.444233752801241,5806,202,135,457,1115,3897,KOTA TANGERANG,shopee
19390116121,125401174,SKMEI 2050 Jam Tangan Pria Wanita Analog Sport Anti Air 3 Bar WATCHKITE WKOS,101,95,153,79900.0,4.773722627737226,137,2,0,3,17,115,KOTA JAKARTA BARAT,shopee
21566397373,899116632,Sunlifex Jam Tangan Pria Original Kuarsa Klasik Santai Jam Pria Calendar Tali Kulit Jam Tangan Cowok 7010,3776,341,1320,54000.0,4.728668332738308,2801,29,18,87,416,2251,KOTA JAKARTA UTARA,shopee
2014318925,133765207,Jam Tangan Pria Kepala Besi GST-8600 Double Time Strap rubber (Dikirim Jakarta),9187,75,258,52000.0,4.665229885057471,696,17,3,25,106,545,KOTA JAKARTA BARAT,shopee
6643479833,26135114,JAM TANGAN PRIA WANITA KOTAK HITAM FULL CASIO ANTI AIR RENANG STOK TERLARIS,1535,39,162,34700.0,4.565789473684211,380,12,10,10,67,281,KOTA MAKASSAR,shopee
17604652252,182286375,COD✅ Jam Tangan Digital Wanita Pria Jam LED Watch M150,775391,618,3355,9000.0,4.132656403537504,9162,704,419,1061,1758,5220,KOTA JAKARTA UTARA,shopee
2341462395,125401174,SKMEI 1271 Jam Tangan Wanita Pria Digital Anti Air WATCHKITE WKOS,1173,170,6628,81700.0,4.8140181445712615,6837,25,23,159,784,5846,KOTA JAKARTA BARAT,shopee
21123586083,806354631,[SC] COD✅ Jam Tangan Digital Wanita Pria Watch LED Rubber Elektronik Touch Screen Harga Murah S1201,528918,689,1473,14000.0,4.1229102167182665,3230,253,164,350,629,1834,KOTA JAKARTA UTARA,shopee
23485059247,508634194,Jam Tangan Kuarsa Gaya Bisnis Pria Tali Paduan Dial Besar Temperamen Modis Jam Tangan Pria Kelas Atas,1,19,8,22450.0,3.1666666666666665,12,3,2,1,2,4,KAB. TANGERANG,shopee
12477191864,115380212,COD✅ Jam Tangan Digital Wanita Pria Watch LED Rubber Elektronik Touch Screen Harga Murah    S1201,137635,831,5062,14000.0,4.0290839300214065,13552,1263,762,1689,2449,7389,KOTA JAKARTA UTARA,shopee
23271243804,80451242,PhiLipe Ricci Jam Tangan Pria Rantai Analog Diameter Bulat Ukuran Sedang Strap Tali Besi Gaya Modern Formal 5024 Free BOX,175,164,253,54000.0,4.79054054054054,296,2,0,6,42,246,KOTA MALANG,shopee
11106120185,418089877,Asli Jam Tangan Pria G-SHOCK X ONE PIECE ANIME ORIGINAL CASIO FULL SET PROMO ! GA-110 LAMPU OTOMATIS,36797,335,22676,173000.0,4.6970954356846475,7232,133,67,240,981,5811,KOTA SURAKARTA (SOLO),shopee
23259932140,820024374,PAKET BUNDLING JAM SPORT - SEPAKET FASHION PRIA JAM TANGAN KULIT ANALOG FREE TAS POUCH BAG FREE TOPI PRIA UNISEX FREE DOMPET KULIT SINTETIS,21776,117,19,59900.0,4.173076923076923,52,2,2,9,11,28,KOTA JAKARTA SELATAN,shopee
14753360427,242393000,OLEVS 2878 Jam Tangan Pria Anti Air Original ahan kulit Keren Led Multifungsi Luxury Chronograph Watch Men Hitam Coklat,2553,354,4816,245000.0,4.797497683039852,2158,19,6,29,285,1819,KAB. TANGERANG,shopee
20431064176,827163527,JAM TANGAN SUNTO MODEL SKYMAX / JAM TANGAN PRIA DIGITAL SPORT RUBBER TAHAN AIR / JAM TANGAN PRIA,10586,100,77,39000.0,4.650442477876106,226,6,3,8,30,179,KOTA JAKARTA UTARA,shopee
9907630415,91442354,BIDEN Jam Tangan Pria Bisnis Santai Mode Anti Air Kuarsa Tali Stainless Steel Jam Tangan Cowok Original,4883,363,13770,188000.0,4.815124045801527,8387,51,37,125,995,7179,KOTA JAKARTA UTARA,shopee
22021897293,408306247,(Grosir)Jam Tangan Pria Rolex Mesin Batrai Tanggal Aktif Strap Rantai/Stell(Dikirim Jakarta)Terima cod,8957,8,9,47000.0,4.823529411764706,17,0,1,0,0,16,KOTA JAKARTA BARAT,shopee
11449609538,100320088,LASIKA jam tangan sport original anti air bisa buat berenang tipe 616,2669,217,1563,34400.0,4.68133704735376,3592,33,36,179,552,2792,KOTA JAKARTA PUSAT,shopee
2751790053,172624020,Jam Tangan Pria Rantai Anti Air - AF-28060B-G-Tgl- Stainless Stell Band,1898,130,862,52900.0,4.674841053587648,1101,15,12,46,170,858,KOTA JAKARTA PUSAT,shopee
23976562204,831568960,HANNAH MARTIN Jam Tangan Pria 100% Original Keren Sangat tipis Quartz COWOK Couple Kulit Anti Air Men Watch COD Laki Arloji Men Watch murah CH03+,5586,303,339,99000.0,4.7993630573248405,314,3,2,4,37,268,KAB. TANGERANG,shopee
23821836519,801191816,SKY-[✅COD]  JAM TANGAN PRIA GASTRO GS-126 ANALOG CHRONO TANGGAL AKTIF STRAP RUBBER ANTI AIR ORIGINAL JAM TANGAN OLAHRAGA TALI SILICON TERBARU,74051,186,378,65000.0,4.666666666666667,582,7,4,29,96,446,KOTA JAKARTA UTARA,shopee
11434270742,80451242,PhiLipe Ricci Jam Tangan Pria Besi Rantai Analog Original PR15 Free Box,571,546,4332,59000.0,4.778202676864245,4186,16,25,114,567,3464,KOTA MALANG,shopee
23982766437,899116632,Sunlifex Jam Tangan Pria 9031 Calendar Bercahaya Original Anti Air Bisnis Jam Tangan Cowok,566,41,81,68500.0,4.857142857142857,35,1,0,0,1,33,KOTA JAKARTA UTARA,shopee
4841104877,18647936,Jam Tangan Orlando Pria Elegan NEW OR Korea Fashion Mens Analog Orlando Kualitas Premium Watches Cowo,172,166,670,38999.0,4.414670658682635,1340,48,39,107,263,883,KOTA JAKARTA BARAT,shopee
12024529344,264743758,Jam T5 H 3856 Original Chronograph ( Chrono Aktif Semua ),112,168,5372,360000.0,4.883189122373301,3236,8,8,38,246,2936,KOTA SURABAYA,shopee
19584451741,508634194,Jam Tangan Kuarsa Rantai Pria Stainless Steel dengan Kalender Jam Tangan Pria Asli Multifungsi,31,66,33,46670.0,3.9,50,5,6,5,7,27,KAB. TANGERANG,shopee
20541529479,668101872,CASS JAM TANGAN PRIA ANTI AIR ORII JAM TANGAN PRIA DEWASA ANTI AIR JAM TANGAN PRIA KEREN JAM TANGAN PRIA SWISS TAHAN AIR JAM TANGAN PRIA PELAJAR PRIA KOREA FASHION COUPLE SEPENUHNYA OTOMATIS NON-MEKANIS TAHAN AIR JAM TANGAN PRIA JAM TANGAN OTOMATIS,42845,52,84,59500.0,4.137931034482759,145,17,1,19,16,92,KAB. TANGERANG,shopee
22444181052,604015003,AOKEYO J89 Jam Tangan Pria Kulit Original Anti Air Keren Sangat Tipis Quartz Sports Analog Jam Tangan Cowok（Free BOX+Kartu）,38,193,501,59999.0,4.671232876712328,657,12,4,25,106,510,KAB. TANGERANG,shopee
16182274733,202150747,Jam Tangan Pria Parlent Gallant Graphite Black,28,144,4353,662400.0,4.891334250343879,727,0,3,9,52,663,KOTA JAKARTA SELATAN,shopee
24401326587,939080076,Jam Tangan Pria Expedition Stainless E 6636 / E6636 / 6636 Garansi 1thn,29932,55,52,169000.0,4.444444444444445,36,5,0,0,0,31,KOTA JAKARTA UTARA,shopee
23906522338,80451242,PhiLipe Ricci Jam Tangan Pria Analog Tanggal Quartz Terbaru KLDR Free Box,1817,583,1442,59000.0,4.841006752608963,1629,6,4,28,167,1424,KOTA MALANG,shopee
14949254046,134264937,Ready Casio Murah Anti Air Jam Tangan Pria / Wanita CS596,898,264,508,13800.0,4.262531860662702,1177,69,48,120,208,732,KOTA JAKARTA UTARA,shopee
23523058250,951652523,KATRI-[✅COD] Jam Tangan Pria Gastro GS 1253 Analog Anti Air Mode Olahraga Kuarsa Tanggal Aktif Strap rubber FREE BOX & BATERAI JAM TANGAN PRIA ORIGINAL GASTRO SPORT G 125 TANGGAL AKTIF STRAP RUBBER ANTI AIR,7019,34,36,65000.0,4.8108108108108105,74,0,0,2,10,62,KOTA JAKARTA UTARA,shopee
19224134894,221285763,Digital Sport  T5050 Jam Tangan Sport Pria Wanita Anti Air,584,466,1249,53000.0,4.730038022813688,2104,18,12,55,350,1669,KOTA JAKARTA UTARA,shopee
13612419127,201054681,LASIKA jam tangan sport original anti air bisa buat berenang tipe 616 Bisa Dibawa Berenang,2778,235,567,34500.0,4.656346749226006,1292,11,9,68,237,967,KOTA JAKARTA BARAT,shopee
18292363338,93574552,Jam Tangan Digital Wanita Pria Tahan Air Fashion Watch LED Tampilan Layar Besar Dengan Font Warna-warni M139,71173,639,58,10000.0,4.605442176870748,147,1,3,10,25,108,KOTA JAKARTA UTARA,shopee
12208623530,453985688,"CRRJU Jam Tangan Pria, Jam Tangan Olahraga Sederhana Jala Baja Kuarsa Tahan Air Ultra-tipis untuk Pria/Wanita",1170,108,952,164160.0,4.794478527607362,652,5,4,16,70,557,KOTA JAKARTA BARAT,shopee
23770442834,827163527,HONHX 1426 Jam Tangan Pria Digital Rubber 3 ATM,7792,173,76,32000.0,4.612244897959184,147,3,3,9,18,114,KOTA JAKARTA UTARA,shopee
3379311752,384234165,【Best Seller!!】Aokeyo 4006 Jam Tangan Pria Anti Air ORI Jam Tangan Pria Anti Air Original Luxury Stainless Steel Free BOX+Kartu Garansi,9162,33,958,84999.0,4.695926081478371,2382,28,21,92,369,1872,KOTA SURABAYA,shopee
17793684100,80451242,PhiLipe Ricci Jam Tangan Pria  Kulit Kasual Analog Quartz Dial Bulat Strap Tali Leather Model Simpel 4231G Free Box,714,192,2098,59000.0,4.814968814968815,1443,2,2,29,195,1215,KOTA MALANG,shopee
22455820643,125401174,SKMEI 2255 Jam Tangan Pria Kalkulator Digital Sport Dual Time Watch WATCHKITE WKOS,470,160,641,130000.0,4.807106598984771,197,1,4,1,20,171,KOTA JAKARTA BARAT,shopee
15652357454,368478924,Jam Tangan Digital D18 Jam Tangan Pria Wanita Digital Smartwatch Bluetooth Modern Untuk Sport Hitung Steps Detak Jantung,1207,146,272,49000.0,4.042168674698795,332,37,16,33,56,190,KOTA JAKARTA UTARA,shopee
4761934759,132868091,BAJ Jam Tangan Pria Sport Chrono GT Grand Touring Korea Fashion Quartz Silikon Rubber Analog Watch GT002,204353,681,495,10750.0,4.394557823129252,2508,140,71,180,380,1737,KOTA JAKARTA SELATAN,shopee
23467308431,899116632,Sunlifex Jam Tangan Pria 9094 Original Kuarsa Kalender Tali Stainless Steel Jam Tangan Cowok(Kotak + Kartu Garansi),199,234,413,65000.0,4.777611940298508,670,6,3,16,84,561,KOTA JAKARTA UTARA,shopee
21944217915,668101872,JAM TANGAN COWOK DEWASA ANTI AIR ORII JAM TANGAN PRIA KEREN BUAT GAYA JAM TANGAN PRIA ANTI AIR ORII     PERSONALIZED FASHION PRIA BARU BISNIS SKALA ROMAWI KALENDER MESH SABUK JAM TANGAN PRIA ANTI AIR TERBARU,25290,47,81,45400.0,4.05607476635514,214,21,13,16,47,117,KAB. TANGERANG,shopee
20381451426,3720074,WBS Jam Tangan LED Digital Pria Wanita Rubber Tahan Air Electronic Fashion Couple Anak Remaja Premium RM094,29923,172,115,13500.0,4.598253275109171,229,10,1,15,19,184,KOTA JAKARTA SELATAN,shopee
22907981196,899116632,Sunlifex Jam Tangan Pria Original Tali Kulit Kuarsa Anti Air Pria Bisnis Santai Jam Tangan Cowok,5655,142,419,51000.0,4.704612365063788,1019,13,8,31,163,804,KOTA JAKARTA UTARA,shopee
17790357931,899116632,Sunlifex Jam Tangan Pria Original Kuarsa Bisnis Mode Anti Air Tali Kulit Jam Tangan Cowok 7006,655,826,5374,44000.0,4.757145525873342,5353,49,35,126,747,4396,KOTA JAKARTA UTARA,shopee
6292405781,453985688,Jam Tangan Elegan Pria CRRJU Submariner Model Abadi Fashion Penjualan Panas Jam Kuarsa Tahan Air,1233,241,3487,159460.0,4.734352603917821,2093,15,24,64,296,1694,KOTA JAKARTA BARAT,shopee
21285111779,183931780,BISA COD !!! JAM TANGAN GBD200 SERIES PREMIUM UNISEX TERLARIS,19426,396,395,59000.0,4.7370517928286855,251,3,2,9,30,207,KOTA JAKARTA BARAT,shopee
2025669654,125401174,SKMEI 9185 Jam Tangan Pria Wanita Analog Tali Stainless Chronograph WATCHKITE WKOS,1028,157,12205,123500.0,4.79120987654321,10135,49,38,251,1314,8483,KOTA JAKARTA BARAT,shopee
3264466624,341650228,✅COD Jam Tangan Digital Sport Watch Fashion Pria Cowok Anti Air Murah Couple Original,1377,27,146,12500.0,4.468652037617555,639,19,10,57,122,431,KAB. KLATEN,shopee
20276655267,933120915,CURREN Jam Tangan Pria Keren Terbaru 2023 Anti Air Original Kronograf Tali Silikon,589,84,666,289000.0,4.743670886075949,316,7,1,3,44,261,KOTA JAKARTA BARAT,shopee
6867982802,93625713,SKMEI 9185 Jam Tangan Pria Analog Tali Rantai Pasir MGOS,828,667,13705,123500.0,4.753399258343634,8094,58,46,260,1118,6612,KOTA JAKARTA BARAT,shopee
21986443573,1078627788,ORIGINAL Jam Tangan Pria Alexandre Christie AC 6564 / AC6564 / 6564 6663 Garansi Resmi 1 Tahun. L2,1090,64,11,132800.0,4.2727272727272725,33,6,0,0,0,27,KOTA JAKARTA BARAT,shopee
23730232991,2756368,FORSINING Enigma Silver Jam Tangan Pria Original Automatic Otomatis Mechanical Mekanik Beri Rantai Stainless Steel Skeleton Anti Air Water Resist,71,58,1168,332500.0,4.863636363636363,154,0,0,2,17,135,KOTA TANGERANG,shopee
22833549006,125401174,SKMEI 9288 Jam Tangan Pria Analog Chronograph Tali Stainless Steel WATCHKITE WKOS,89,38,282,185000.0,4.8125,80,1,0,2,7,70,KOTA JAKARTA BARAT,shopee
17517557133,90880924,Jam Tangan Pria / Cowok Swis Sporty Fashion 7565Ls Chrono Variasi Free Gelang & Box - COD,3528,422,1152,54800.0,4.335130278526505,2226,90,77,201,487,1371,KOTA JAKARTA UTARA,shopee
12827225126,85996823,Jam tangan pria olahraga SC-03 kulit tanggal plus tali rubber,402,99,765,105000.0,4.8014440433212995,277,1,1,7,34,234,KOTA JAKARTA UTARA,shopee
17705227012,659664597,Jam Tangan Pria A0109 Jam Tangan Kuarsa Tali Baja Tiga Mata Palsu,43,139,22,12900.0,4.4,90,6,2,6,12,64,KOTA BOGOR,shopee
19428742831,362613842,JAM TANGAN RANTAI PRIA TALI RANTAI SPORT TERLARIS-JAM TANGAN PRIA RANTAI STAINLESS BERKUALITAS-JAM TANGAN CASUAL PRIA TERBARU,4718,140,22,38600.0,4.346534653465347,101,7,5,4,15,70,KOTA JAKARTA SELATAN,shopee
6436879331,264743758,"Jam Tangan Pria T5 3641 x T5 3703 Original, Chronograph",114,114,3292,260000.0,4.902432045779685,3495,4,1,33,256,3201,KOTA SURABAYA,shopee
21993913344,1083876574,(COD) Jam Tangan Pria ChronoGraphQL Tali Kulit Disel Klasik - Jam Tangan Pria Terbaru dengan Desain Elegan dan Rantai Plat,119702,96,64,19999.0,4.611940298507463,67,0,2,4,12,49,KOTA JAKARTA UTARA,shopee
23605974226,510410301,Promo Jam Tangan Pria SW990 Army + Kulit Tanggal Aktif Free Box Baterai Cadangan,6867,202,884,147000.0,4.717231222385862,679,3,2,34,106,534,KOTA JAKARTA PUSAT,shopee
7645311602,137594685,Jam Tangan Pria Quicksilver Digital Segi Anti Air,19766,75,4212,34500.0,4.586034912718205,9226,243,148,501,1410,6924,KOTA JAKARTA UTARA,shopee
13723891023,125401174,SKMEI 1673 Jam Tangan Pria Digital Analog Chronograph Dual Time Anti Air WATCHKITE WKOS,227,91,950,142000.0,4.817808219178082,730,2,0,14,97,617,KOTA JAKARTA BARAT,shopee
1934188793,125401174,SKMEI 1206 Jam Tangan Pria Wanita Digital Chronograph Anti Air WATCHKITE WKOS,1551,87,2960,78850.0,4.813517733660495,4485,23,10,96,530,3826,KOTA JAKARTA BARAT,shopee
18350207484,859391157,VA VA VOOM 214 Jam Tangan Pria Business Stainless Steel Analog Quartz Original Tahan Air Watch + Kotak Gratis,1408,407,738,89900.0,4.848303393213573,501,0,1,10,53,437,KAB. TANGERANG,shopee
10690203236,292295129,JAM TANGAN RANTAI PRIA 5W155 TERLARIS,20134,91,271,36000.0,4.509529860228716,787,19,25,50,135,558,KOTA JAKARTA BARAT,shopee
23233865751,668101872,Jam Tangan Pria  Luxury High -D Fashion Precision Waterproof Asli Original Watch  Jam Tangan Analog Pria Original,24548,143,110,65000.0,4.558441558441558,154,2,3,12,27,110,KAB. TANGERANG,shopee
25850434929,604015003,AOKEYO F85 Jam Tangan Pria Original Analog Poligon Anti Air Terbaru Stainless Steel Jam Tangan Cowok (Free BOX   + Kartu Garansi),28,101,201,154999.0,4.546875,64,4,2,0,7,51,KAB. TANGERANG,shopee
22146562986,453985688,CRRJU Jam Tangan Pria Original Anti Air Kulit Tahan Keren Bercahaya Luxury Kuarsa Jam Tangan Cowok,258,144,414,157500.0,4.791489361702127,235,0,4,4,29,198,KOTA JAKARTA BARAT,shopee
3185690721,181808637,JAM TANGAN PRIA GSHOCK GBA-900 GA-900 DUALTIME MODEL TERBARU NEW,18683,48,451,61000.0,4.590822179732314,524,12,11,32,72,397,KOTA JAKARTA UTARA,shopee
17387971090,773631142,OLEVS Jam Tangan Pria Original Anti Air Tahan Luminous Fashion Analog Chronograph Stainless Steel Watch Men,5253,119,1655,195000.0,4.745597775718258,2158,12,14,54,351,1727,KAB. TANGERANG,shopee
22979491036,180705320,Jam Tangan Digital Sports Olahraga Pria Desain Stylish Modern Minimalis Berani | J-DZ16,2275,639,85,16500.0,4.61756373937677,353,5,5,18,64,261,KOTA JAKARTA UTARA,shopee
8680482876,183931780,NEW MODEL!!! G-SHOCK CASIO GA 2100 SUPER / JAM TANGAN PRIA/,14284,206,2221,58000.0,4.559020923805764,2548,55,35,179,444,1835,KOTA JAKARTA BARAT,shopee
23857059276,80451242,PhiLipe Ricci Jam Tangan Pria Analog Original Tali Karet Quartz Desain Kekinian 1920W Laki Laki Up To Date Men Watches Free Box,318,115,118,41062.0,4.866666666666666,60,0,0,1,6,53,KOTA MALANG,shopee
4251220562,133765207,(Terima Cod)Jam Tangan Pria QuickSilver Rantai Crono Of(Dikirim Dari Jakarta),11488,219,899,25000.0,4.489324466223311,2861,118,52,193,457,2041,KOTA JAKARTA BARAT,shopee
6702415933,28824240,Jam Tangan QUARTZ GENEVA  2 TITIK -Jam Tangan Analog Fashion Unisex New Watch High Quality,8653,2524,4357,15200.0,4.57380007217611,11091,354,196,571,1596,8374,KOTA TANGERANG,shopee
19170025005,904897164,SUNLIFEX Jam Tangan Pria Fashion Gaya Kasual Safety Lipat Gesper Jam Tangan Pria Original Tali Stainless Steel Kuarsa Jam Tangan Pria Anti Air (Kirim Kartu Garansi + Kotak),30,62,16,60000.0,4.701754385964913,57,1,0,2,9,45,KOTA JAKARTA UTARA,shopee
20663103213,214959217,MCE Jam Tangan Pria Bifrost Series Full Black,682,110,2903,288000.0,4.8408071748878925,446,1,1,7,50,387,KAB. BOGOR,shopee
21256442185,13597540,DIGITEC DG 5169 / DG-5169 / DG5169 Digital Watch Jam Tangan ORIGINAL,184,221,1641,140000.0,4.916563658838072,1618,4,2,7,99,1506,KOTA BANDUNG,shopee
8648974073,28824240,Jam Tangan Analog Pria Stainless Steel Quartz Fashion Casual Pria,2485,478,3052,16700.0,4.47089477769154,9035,345,200,699,1440,6351,KOTA TANGERANG,shopee
2015342926,18647936,Jam Tangan Pria Orlando TWO TONE Korea Fashion Mens Analog Steel watch Watches,380,207,967,33750.0,4.475937603717226,3016,91,73,239,528,2085,KOTA JAKARTA BARAT,shopee
19078352924,84946957,BEST SELLER COD JAM TANGAN DIGITAL PRIA KEREN TERBARU 2023 ANTI AIR QUIKSILVER,22062,111,7,33500.0,4.523809523809524,42,1,1,4,5,31,KOTA BEKASI,shopee
20289645261,885654621,JAM TANGAN PRIA SPORT ANALOG COWOK REMAJA WATER RESIST/TAHAN AIR TERBARU,836,55,124,22000.0,4.663265306122449,392,7,6,14,58,307,KOTA JAKARTA BARAT,shopee
11610599877,458127871,( GRANSI VOUCER ) JAM TANGAN PRIA COWOK LAKI REMAJA ANTI AIR ORIGINAL ANALOG KEREN KULIT SKMEI MURAH,15444,33,709,39999.0,4.273297491039426,1117,72,33,103,221,688,KAB. MOJOKERTO,shopee
19048627696,831568960,VAVA VOOM 2461 Jam Tangan Pria Anti Air Original Luxury Stainless Steel（Free BOX+Baterai cadangan）,183,243,337,89900.0,4.781818181818182,613,6,2,12,78,515,KAB. TANGERANG,shopee
18684176032,1048899727,Jam Tangan Pria Jam Tangan Pergerakan Kuarsa Sederhana Dan Elegan Modis Gaya Korea,19761,145,43,44550.0,3.9384615384615387,65,7,3,10,12,33,KAB. TANGERANG,shopee
23600692043,93574552,[DGS] COD✅ Jam Tangan Wanita Pria Digital Rubber Anti Air LED Watch Electronic Fashion Harga Grosir S1216,11091,214,217,15800.0,4.256363636363637,550,30,24,54,109,333,KOTA JAKARTA UTARA,shopee
8702311630,93625713,SKMEI 1426 Jam Tangan Pria Digital Anti Air MGOS,1214,493,20046,78950.0,4.780239423649856,18464,131,96,429,2396,15412,KOTA JAKARTA BARAT,shopee
3254616395,126805439,[BISA COD] JAM TANGAN PRIA KULIT MURAH TANGGAL AKTIF Quicksilver,220,119,221,31600.0,4.281853281853282,777,59,19,60,145,494,KOTA MEDAN,shopee
19112883799,52922719,Jam Tangan Pria Divigo Analog Sport Strab Rubber Tahan Air,22927,34,446,28500.0,4.4726277372262775,1096,42,23,78,185,768,KOTA JAKARTA UTARA,shopee
15367214042,448789800,✔100%ORI DW JAM TANGAN PRIA DW KULIT PREMIUM DIAMETER 40MM||JAM TANGAN FASHION PRIA,213136,155,1656,27500.0,4.33753060510668,2859,209,82,196,420,1952,KOTA JAKARTA BARAT,shopee
1988937300,17520182,( BISA COD ) JAM TANGAN WANITA DW KULIT PREMIUM QUALITY TALI LEATHER INCLUDE BOX ORI + PAPER BAG + BUKU || JAM TANGAN FASHION MURAH WD COUPLE PASANGAN PAPERBAG UNISEX JAM PRIA CEWEK COWOK,8062,79,12461,55000.0,4.727865511971472,9825,141,89,316,1237,8042,KOTA JAKARTA UTARA,shopee
2060713573,133765207,Kirim Dari Jakarta )Jam Tangan Pria C-Shock  Strap Rubber(Terima Cod),14337,59,225,18000.0,4.41207075962539,961,49,34,73,121,684,KOTA JAKARTA BARAT,shopee
18377318852,68698945,Jam Tangan Analog Pria & Wanita SKMEI 2050 Anti Air Original,130,135,233,78750.0,4.862068965517241,203,2,0,2,16,183,KOTA JAKARTA PUSAT,shopee
24200789416,1116563356,jam Tangan pria Alexander Christie AC 9205 Original Termurah Dan Terlaris,59870,78,14,152000.0,4.471698113207547,53,7,0,0,0,46,KOTA JAKARTA PUSAT,shopee
20663563582,314844226,(HARGA PROMO TERKEREN  COD ) Jam Tangan  Pria Elegan Tahan Air /  Free Bok TERLARIS,3719,263,1330,82680.0,4.5717592592592595,1728,37,37,87,307,1260,KOTA JAKARTA UTARA,shopee
22113897322,899116632,Sunlifex Jam Tangan Pria 9090 Kuarsa Klasik Bisnis Pria Tali Stainless Steel Jam Tangan Cowok Original,1052,456,891,69000.0,4.7443298969072165,1455,11,17,35,207,1185,KOTA JAKARTA UTARA,shopee
10691300635,974913,[ARP] COD Jam Tangan Digital Wanita Pria Jam LED Watch M150,390442,129,301,10800.0,4.235294117647059,919,49,40,101,188,541,KOTA JAKARTA UTARA,shopee
23018465825,885654621,Jam tangan pria analog GC strap kulit elegan New brand,701,80,52,21500.0,4.420731707317073,164,5,7,11,32,109,KOTA JAKARTA BARAT,shopee
14192476222,91442354,BIDEN Jam Tangan Pria Anti Air Original Multifungsi Bercahaya Alarm Tali Silikon Jam Tangan Pria Digital Jam Tangan Cowok,8207,342,2798,165000.0,4.803381832481321,2543,18,11,54,287,2173,KOTA JAKARTA UTARA,shopee
19665902742,478184260,OLEVS Jam Tangan Pria Anti Air Original Rantai Keren Terbaru Mewah 2023 Luxury Stainless Steel Chronograph Watch Men Cod,10650,345,1952,290000.0,4.827329192546584,2415,13,5,35,280,2082,KAB. TANGERANG,shopee
5115162606,132868091,BAJ JAM TANGAN DIGITAL PRIA WANITA WATCH RUBBER ELEKTRONIK TOUCH SCREEN LED AP015,267389,166,726,13900.0,4.299953639313862,2161,142,74,196,341,1408,KOTA JAKARTA SELATAN,shopee
18086258115,1004405693,COD Jam Tangan Pria Tipis Kulit Asli Jam Tangan Sederhana Baru Jam Tangan Pria Berpenampilan Tinggi Mahasiswa Tren Fashion Remaja Jam Tangan Pria Kelas Atas Tahan Air Ultra-Tipis,19974,12,25,43580.0,3.9,10,2,0,0,3,5,KAB. TANGERANG,shopee
21780243589,57213665,Jam Tangan Pria Skmei 2031 Jam Tangan Sport Pria Skmei Jam Tangan Skmei Jam Tangan Skmei Pria Jam Skmei Pria Original,89,109,144,105000.0,4.863309352517986,139,0,0,1,17,121,KOTA SURABAYA,shopee
